[cem] objective=score | 64 candidates x 8 seeds | budget 3300s | workers 50
[cem] checkpoint ./rl/../weights/ckpt_cem_score.json
[cem/score] gen   0 cap   200 | mean      6.79 | elite     37.22 | best     48.06 | |sigma|  3.276 |    0.9s
[cem/score] gen   1 cap   200 | mean      8.72 | elite     37.83 | best     49.50 | |sigma|  2.553 |    1.8s
[cem/score] gen   2 cap   200 | mean      8.88 | elite     38.95 | best     48.25 | |sigma|  2.742 |    2.6s
[cem/score] gen   3 cap   200 | mean     12.55 | elite     44.06 | best     48.18 | |sigma|  2.404 |    3.4s
[cem/score] gen   4 cap   200 | mean     11.68 | elite     41.42 | best     48.12 | |sigma|  3.186 |    4.2s
[cem/score] gen   5 cap   200 | mean     12.35 | elite     45.86 | best     49.59 | |sigma|  2.615 |    5.0s
[cem/score] gen   6 cap   200 | mean     12.89 | elite     46.29 | best     49.69 | |sigma|  2.904 |    5.7s
[cem/score] gen   7 cap   200 | mean     13.23 | elite     46.87 | best     50.66 | |sigma|  2.844 |    6.6s
[cem/score] gen   8 cap   200 | mean     11.80 | elite     44.10 | best     48.38 | |sigma|  2.595 |    7.3s
[cem/score] gen   9 cap   200 | mean     11.28 | elite     43.30 | best     48.19 | |sigma|  2.738 |    8.1s
[cem/score] gen  10 cap   200 | mean     13.37 | elite     46.91 | best     49.41 | |sigma|  2.106 |    8.8s
[cem/score] gen  11 cap   200 | mean     15.70 | elite     46.81 | best     52.34 | |sigma|  2.431 |    9.4s
[cem/score] gen  12 cap   200 | mean     16.13 | elite     46.84 | best     48.62 | |sigma|  2.471 |   10.2s
[cem/score] gen  13 cap   200 | mean     17.43 | elite     45.76 | best     47.06 | |sigma|  2.432 |   10.9s
[cem/score] gen  14 cap   200 | mean     13.71 | elite     46.50 | best     49.44 | |sigma|  2.578 |   11.5s
[cem/score] gen  15 cap   200 | mean     16.28 | elite     47.69 | best     51.12 | |sigma|  2.379 |   12.3s
[cem/score] gen  16 cap   200 | mean     14.01 | elite     47.54 | best     52.38 | |sigma|  2.497 |   13.0s
[cem/score] gen  17 cap   200 | mean     10.67 | elite     42.13 | best     50.22 | |sigma|  2.376 |   13.9s
[cem/score] gen  18 cap   200 | mean     12.21 | elite     44.41 | best     48.03 | |sigma|  2.423 |   14.5s
[cem/score] gen  19 cap   200 | mean     14.39 | elite     46.97 | best     50.30 | |sigma|  2.434 |   15.2s
[cem/score] gen  20 cap   200 | mean     11.66 | elite     42.85 | best     48.66 | |sigma|  2.363 |   15.9s
[cem/score] gen  21 cap   200 | mean     16.94 | elite     47.67 | best     49.56 | |sigma|  2.594 |   16.7s
[cem/score] gen  22 cap   200 | mean     10.74 | elite     45.44 | best     47.81 | |sigma|  1.816 |   17.4s
[cem/score] gen  23 cap   200 | mean     21.75 | elite     47.73 | best     48.22 | |sigma|  2.286 |   18.2s
[cem/score] gen  24 cap   200 | mean     10.50 | elite     43.39 | best     47.69 | |sigma|  2.209 |   18.8s
[cem/score] gen  25 cap   200 | mean     15.79 | elite     46.88 | best     48.81 | |sigma|  2.269 |   19.6s
[cem/score] gen  26 cap   200 | mean     11.70 | elite     43.56 | best     47.62 | |sigma|  2.691 |   20.2s
[cem/score] gen  27 cap   200 | mean     10.70 | elite     45.49 | best     48.72 | |sigma|  2.079 |   20.8s
[cem/score] gen  28 cap   200 | mean     16.62 | elite     46.56 | best     49.59 | |sigma|  2.031 |   21.6s
[cem/score] gen  29 cap   200 | mean     15.01 | elite     46.29 | best     48.19 | |sigma|  2.117 |   22.3s
[cem/score] gen  30 cap   200 | mean     18.85 | elite     48.78 | best     52.97 | |sigma|  1.766 |   23.1s
[cem/score] gen  31 cap   200 | mean     17.58 | elite     47.74 | best     48.72 | |sigma|  2.050 |   23.8s
[cem/score] gen  32 cap   200 | mean     14.81 | elite     47.65 | best     53.47 | |sigma|  1.969 |   24.5s
[cem/score] gen  33 cap   200 | mean     10.20 | elite     45.48 | best     48.34 | |sigma|  2.026 |   25.2s
[cem/score] gen  34 cap   200 | mean     15.06 | elite     44.65 | best     47.12 | |sigma|  2.155 |   25.9s
[cem/score] gen  35 cap   200 | mean     12.73 | elite     43.85 | best     47.69 | |sigma|  1.855 |   26.7s
[cem/score] gen  36 cap   200 | mean     16.72 | elite     47.87 | best     50.91 | |sigma|  1.652 |   27.5s
[cem/score] gen  37 cap   200 | mean     17.54 | elite     47.75 | best     49.97 | |sigma|  1.958 |   28.3s
[cem/score] gen  38 cap   200 | mean     11.19 | elite     44.37 | best     48.47 | |sigma|  1.744 |   29.0s
[cem/score] gen  39 cap   200 | mean     16.39 | elite     47.70 | best     48.91 | |sigma|  1.723 |   29.6s
[cem/score] gen  40 cap   200 | mean     18.43 | elite     48.88 | best     52.91 | |sigma|  1.425 |   30.4s
[cem/score] gen  41 cap   200 | mean     20.02 | elite     47.14 | best     53.41 | |sigma|  1.833 |   31.2s
[cem/score] gen  42 cap   200 | mean     14.51 | elite     46.92 | best     48.09 | |sigma|  1.581 |   31.9s
[cem/score] gen  43 cap   200 | mean     22.26 | elite     47.66 | best     48.72 | |sigma|  1.529 |   32.6s
[cem/score] gen  44 cap   200 | mean     22.49 | elite     47.51 | best     49.34 | |sigma|  1.350 |   33.4s
[cem/score] gen  45 cap   200 | mean     24.62 | elite     48.83 | best     51.78 | |sigma|  1.336 |   34.3s
[cem/score] gen  46 cap   200 | mean     23.01 | elite     48.39 | best     56.34 | |sigma|  1.358 |   35.0s
[cem/score] gen  47 cap   200 | mean     29.94 | elite     48.43 | best     50.19 | |sigma|  0.823 |   35.8s
[cem/score] gen  48 cap   200 | mean     39.69 | elite     49.52 | best     52.22 | |sigma|  0.668 |   36.9s
[cem/score] gen  49 cap   200 | mean     39.64 | elite     49.62 | best     51.44 | |sigma|  0.605 |   37.9s
[cem/score] gen  50 cap   200 | mean     41.14 | elite     50.87 | best     53.81 | |sigma|  0.425 |   39.1s
[cem/score] gen  51 cap   200 | mean     46.13 | elite     53.54 | best     57.39 | |sigma|  0.354 |   40.3s
[cem/score] gen  52 cap   200 | mean     48.61 | elite     54.37 | best     55.25 | |sigma|  0.268 |   41.5s
[cem/score] gen  53 cap   200 | mean     49.28 | elite     55.06 | best     56.41 | |sigma|  0.223 |   42.6s
[cem/score] gen  54 cap   200 | mean     51.16 | elite     56.11 | best     58.62 | |sigma|  0.142 |   43.9s
[cem/score] gen  55 cap   200 | mean     53.25 | elite     56.62 | best     57.62 | |sigma|  0.125 |   45.2s
[cem/score] gen  56 cap   200 | mean     55.72 | elite     58.23 | best     59.56 | |sigma|  0.104 |   46.4s
[cem/score] gen  57 cap   200 | mean     56.84 | elite     58.87 | best     60.50 | |sigma|  0.083 |   47.6s
[cem/score] gen  58 cap   200 | mean     56.51 | elite     59.49 | best     60.78 | |sigma|  0.057 |   48.9s
[cem/score] gen  59 cap   200 | mean     57.13 | elite     60.28 | best     61.73 | |sigma|  0.052 |   50.1s
[cem/score] gen  60 cap   200 | mean     57.88 | elite     60.64 | best     61.56 | |sigma|  0.040 |   51.4s
[cem/score] gen  61 cap   200 | mean     58.24 | elite     60.78 | best     61.47 | |sigma|  0.033 |   52.7s
[cem/score] gen  62 cap   200 | mean     58.46 | elite     61.71 | best     63.41 | |sigma|  0.027 |   53.9s
[cem/score] gen  63 cap   200 | mean     59.65 | elite     62.17 | best     63.03 | |sigma|  0.025 |   55.1s
[cem/score] gen  64 cap   200 | mean     59.63 | elite     62.11 | best     63.53 | |sigma|  0.024 |   56.4s
[cem/score] gen  65 cap   200 | mean     58.55 | elite     61.63 | best     63.44 | |sigma|  0.026 |   57.6s
[cem/score] gen  66 cap   200 | mean     60.03 | elite     63.10 | best     64.69 | |sigma|  0.022 |   58.9s
[cem/score] gen  67 cap   200 | mean     58.94 | elite     62.10 | best     63.62 | |sigma|  0.022 |   60.2s
[cem/score] gen  68 cap   200 | mean     58.45 | elite     60.81 | best     61.34 | |sigma|  0.021 |   61.5s
[cem/score] gen  69 cap   200 | mean     60.28 | elite     63.59 | best     64.53 | |sigma|  0.014 |   62.7s
[cem/score] gen  70 cap   200 | mean     57.40 | elite     60.88 | best     62.41 | |sigma|  0.016 |   63.9s
[cem/score] gen  71 cap   200 | mean     59.63 | elite     62.14 | best     62.69 | |sigma|  0.013 |   65.3s
[cem/score] gen  72 cap   200 | mean     58.51 | elite     61.51 | best     62.50 | |sigma|  0.008 |   66.5s
[cem/score] gen  73 cap   200 | mean     61.01 | elite     62.50 | best     63.03 | |sigma|  0.006 |   67.8s
[cem/score] gen  74 cap   200 | mean     59.61 | elite     61.26 | best     62.22 | |sigma|  0.005 |   69.1s
[cem/score] gen  75 cap   200 | mean     60.41 | elite     61.84 | best     62.84 | |sigma|  0.003 |   70.5s
[cem/score] gen  76 cap   200 | mean     60.20 | elite     61.78 | best     62.25 | |sigma|  0.002 |   71.7s
[cem/score] gen  77 cap   200 | mean     58.76 | elite     61.37 | best     62.81 | |sigma|  0.002 |   73.0s
[cem/score] gen  78 cap   200 | mean     61.82 | elite     62.59 | best     63.11 | |sigma|  0.002 |   74.3s
[cem/score] gen  79 cap   200 | mean     54.62 | elite     58.84 | best     59.88 | |sigma|  0.001 |   75.4s
[cem/score] gen  80 cap   200 | mean     58.43 | elite     59.69 | best     60.97 | |sigma|  0.002 |   76.7s
[cem/score] gen  81 cap   200 | mean     59.89 | elite     61.13 | best     62.09 | |sigma|  0.001 |   77.9s
[cem/score] gen  82 cap   200 | mean     59.16 | elite     60.29 | best     60.53 | |sigma|  0.001 |   79.3s
[cem/score] gen  83 cap   200 | mean     61.76 | elite     63.09 | best     63.41 | |sigma|  0.001 |   80.7s
[cem/score] gen  84 cap   200 | mean     60.80 | elite     61.71 | best     61.78 | |sigma|  0.001 |   81.9s
[cem/score] gen  85 cap   200 | mean     56.45 | elite     59.78 | best     60.11 | |sigma|  0.001 |   83.1s
[cem/score] gen  86 cap   200 | mean     60.69 | elite     61.26 | best     61.26 | |sigma|  0.001 |   84.3s
[cem/score] gen  87 cap   200 | mean     59.88 | elite     60.44 | best     61.22 | |sigma|  0.001 |   85.5s
[cem/score] gen  88 cap   200 | mean     57.99 | elite     58.16 | best     58.26 | |sigma|  0.000 |   86.8s
[cem/score] gen  89 cap   200 | mean     60.57 | elite     60.88 | best     60.88 | |sigma|  0.000 |   88.0s
[cem/score] gen  90 cap   200 | mean     61.69 | elite     61.82 | best     61.84 | |sigma|  0.000 |   89.3s
[cem/score] gen  91 cap   200 | mean     60.34 | elite     60.41 | best     60.41 | |sigma|  0.000 |   90.6s
[cem/score] gen  92 cap   200 | mean     57.25 | elite     57.29 | best     57.74 | |sigma|  0.000 |   91.8s
[cem/score] gen  93 cap   200 | mean     59.18 | elite     59.19 | best     59.19 | |sigma|  0.000 |   93.1s
[cem/score] gen  94 cap   200 | mean     60.68 | elite     60.93 | best     61.78 | |sigma|  0.000 |   94.3s
[cem/score] gen  95 cap   200 | mean     59.31 | elite     59.48 | best     59.72 | |sigma|  0.000 |   95.6s
[cem/score] gen  96 cap   200 | mean     61.53 | elite     61.53 | best     61.53 | |sigma|  0.000 |   97.0s
[cem/score] gen  97 cap   200 | mean     54.04 | elite     54.12 | best     54.47 | |sigma|  0.000 |   98.1s
[cem/score] gen  98 cap   200 | mean     58.21 | elite     58.33 | best     58.88 | |sigma|  0.000 |   99.4s
[cem/score] gen  99 cap   200 | mean     57.17 | elite     57.17 | best     57.17 | |sigma|  0.000 |  100.7s
[cem/score] gen 100 cap   200 | mean     59.74 | elite     60.11 | best     60.50 | |sigma|  0.000 |  102.1s
[cem/score] gen 101 cap   200 | mean     59.64 | elite     59.84 | best     59.84 | |sigma|  0.000 |  103.4s
[cem/score] gen 102 cap   200 | mean     59.03 | elite     59.24 | best     59.49 | |sigma|  0.000 |  104.6s
[cem/score] gen 103 cap   200 | mean     59.41 | elite     59.41 | best     59.41 | |sigma|  0.000 |  105.9s
[cem/score] gen 104 cap   200 | mean     59.47 | elite     59.47 | best     59.47 | |sigma|  0.000 |  107.3s
[cem/score] gen 105 cap   200 | mean     59.98 | elite     60.03 | best     60.03 | |sigma|  0.000 |  108.5s
[cem/score] gen 106 cap   200 | mean     59.23 | elite     59.24 | best     59.25 | |sigma|  0.000 |  109.8s
[cem/score] gen 107 cap   200 | mean     60.53 | elite     60.53 | best     60.53 | |sigma|  0.000 |  111.1s
[cem/score] gen 108 cap   200 | mean     59.62 | elite     59.62 | best     59.62 | |sigma|  0.000 |  112.5s
[cem/score] gen 109 cap   200 | mean     57.88 | elite     57.88 | best     57.88 | |sigma|  0.000 |  113.7s
[cem/score] gen 110 cap   200 | mean     57.29 | elite     57.29 | best     57.29 | |sigma|  0.000 |  115.0s
[cem/score] gen 111 cap   200 | mean     58.43 | elite     58.53 | best     58.53 | |sigma|  0.000 |  116.2s
[cem/score] gen 112 cap   200 | mean     62.59 | elite     62.84 | best     62.84 | |sigma|  0.000 |  117.5s
[cem/score] gen 113 cap   200 | mean     62.50 | elite     62.50 | best     62.50 | |sigma|  0.000 |  118.8s
[cem/score] gen 114 cap   200 | mean     59.41 | elite     59.42 | best     59.50 | |sigma|  0.000 |  120.1s
[cem/score] gen 115 cap   200 | mean     58.50 | elite     58.50 | best     58.50 | |sigma|  0.000 |  121.5s
[cem/score] gen 116 cap   200 | mean     57.02 | elite     57.02 | best     57.02 | |sigma|  0.000 |  122.7s
[cem/score] gen 117 cap   200 | mean     59.94 | elite     59.94 | best     59.94 | |sigma|  0.000 |  124.0s
[cem/score] gen 118 cap   200 | mean     58.04 | elite     58.04 | best     58.04 | |sigma|  0.000 |  125.2s
[cem/score] gen 119 cap   200 | mean     61.38 | elite     61.38 | best     61.38 | |sigma|  0.000 |  126.5s
[cem/score] gen 120 cap   200 | mean     57.72 | elite     57.72 | best     57.72 | |sigma|  0.000 |  127.8s
[cem/score] gen 121 cap   200 | mean     50.67 | elite     50.67 | best     50.67 | |sigma|  0.000 |  129.0s
[cem/score] gen 122 cap   200 | mean     59.61 | elite     59.61 | best     59.61 | |sigma|  0.000 |  130.3s
[cem/score] gen 123 cap   200 | mean     58.74 | elite     58.74 | best     58.74 | |sigma|  0.000 |  131.5s
[cem/score] gen 124 cap   200 | mean     58.95 | elite     58.95 | best     58.95 | |sigma|  0.000 |  132.7s
[cem/score] gen 125 cap   200 | mean     59.28 | elite     59.28 | best     59.28 | |sigma|  0.000 |  134.0s
[cem/score] gen 126 cap   200 | mean     59.63 | elite     59.63 | best     59.63 | |sigma|  0.000 |  135.2s
[cem/score] gen 127 cap   200 | mean     58.69 | elite     58.69 | best     58.69 | |sigma|  0.000 |  136.5s
[cem/score] gen 128 cap   200 | mean     57.91 | elite     57.91 | best     57.91 | |sigma|  0.000 |  137.7s
[cem/score] gen 129 cap   200 | mean     60.81 | elite     60.81 | best     60.81 | |sigma|  0.000 |  139.1s
[cem/score] gen 130 cap   200 | mean     59.97 | elite     59.97 | best     59.97 | |sigma|  0.000 |  140.3s
[cem/score] gen 131 cap   200 | mean     60.59 | elite     60.59 | best     60.59 | |sigma|  0.000 |  141.6s
[cem/score] gen 132 cap   200 | mean     59.03 | elite     59.03 | best     59.03 | |sigma|  0.000 |  142.8s
[cem/score] gen 133 cap   200 | mean     62.84 | elite     62.84 | best     62.84 | |sigma|  0.000 |  144.1s
[cem/score] gen 134 cap   200 | mean     60.66 | elite     60.66 | best     60.66 | |sigma|  0.000 |  145.3s
[cem/score] gen 135 cap   200 | mean     60.47 | elite     60.47 | best     60.47 | |sigma|  0.000 |  146.7s
[cem/score] gen 136 cap   200 | mean     57.26 | elite     57.26 | best     57.26 | |sigma|  0.000 |  147.8s
[cem/score] gen 137 cap   200 | mean     56.95 | elite     56.95 | best     56.95 | |sigma|  0.000 |  149.0s
[cem/score] gen 138 cap   200 | mean     57.66 | elite     57.66 | best     57.66 | |sigma|  0.000 |  150.2s
[cem/score] gen 139 cap   200 | mean     56.31 | elite     56.31 | best     56.31 | |sigma|  0.000 |  151.4s
[cem/score] gen 140 cap   200 | mean     59.67 | elite     59.67 | best     59.67 | |sigma|  0.000 |  152.7s
[cem/score] gen 141 cap   200 | mean     61.22 | elite     61.22 | best     61.22 | |sigma|  0.000 |  154.0s
[cem/score] gen 142 cap   200 | mean     58.19 | elite     58.19 | best     58.19 | |sigma|  0.000 |  155.2s
[cem/score] gen 143 cap   200 | mean     60.09 | elite     60.09 | best     60.09 | |sigma|  0.000 |  156.6s
[cem/score] gen 144 cap   200 | mean     58.56 | elite     58.56 | best     58.56 | |sigma|  0.000 |  157.9s
[cem/score] gen 145 cap   200 | mean     58.75 | elite     58.75 | best     58.75 | |sigma|  0.000 |  159.2s
[cem/score] gen 146 cap   200 | mean     60.50 | elite     60.50 | best     60.50 | |sigma|  0.000 |  160.4s
[cem/score] gen 147 cap   200 | mean     60.31 | elite     60.31 | best     60.31 | |sigma|  0.000 |  161.7s
[cem/score] gen 148 cap   200 | mean     58.54 | elite     58.54 | best     58.54 | |sigma|  0.000 |  162.9s
[cem/score] gen 149 cap   200 | mean     59.66 | elite     59.66 | best     59.66 | |sigma|  0.000 |  164.1s
[cem/score] gen 150 cap   200 | mean     61.50 | elite     61.50 | best     61.50 | |sigma|  0.000 |  165.3s
[cem/score] gen 151 cap   200 | mean     63.75 | elite     63.75 | best     63.75 | |sigma|  0.000 |  166.6s
[cem/score] gen 152 cap   200 | mean     59.25 | elite     59.25 | best     59.25 | |sigma|  0.000 |  167.9s
[cem/score] gen 153 cap   200 | mean     56.99 | elite     56.99 | best     56.99 | |sigma|  0.000 |  169.0s
[cem/score] gen 154 cap   200 | mean     57.61 | elite     57.61 | best     57.61 | |sigma|  0.000 |  170.4s
[cem/score] gen 155 cap   200 | mean     58.32 | elite     58.32 | best     58.32 | |sigma|  0.000 |  171.6s
[cem/score] gen 156 cap   200 | mean     56.86 | elite     56.86 | best     56.86 | |sigma|  0.000 |  173.0s
[cem/score] gen 157 cap   200 | mean     59.56 | elite     59.56 | best     59.56 | |sigma|  0.000 |  174.2s
[cem/score] gen 158 cap   200 | mean     59.86 | elite     59.86 | best     59.86 | |sigma|  0.000 |  175.5s
[cem/score] gen 159 cap   200 | mean     59.56 | elite     59.56 | best     59.56 | |sigma|  0.000 |  176.8s
[cem/score] gen 160 cap   200 | mean     57.13 | elite     57.13 | best     57.13 | |sigma|  0.000 |  178.0s
[cem/score] gen 161 cap   200 | mean     59.97 | elite     59.97 | best     59.97 | |sigma|  0.000 |  179.3s
[cem/score] gen 162 cap   200 | mean     59.79 | elite     59.79 | best     59.79 | |sigma|  0.000 |  180.6s
[cem/score] gen 163 cap   200 | mean     56.77 | elite     56.77 | best     56.77 | |sigma|  0.000 |  181.9s
[cem/score] gen 164 cap   200 | mean     58.47 | elite     58.47 | best     58.47 | |sigma|  0.000 |  183.1s
[cem/score] gen 165 cap   200 | mean     52.67 | elite     52.67 | best     52.67 | |sigma|  0.000 |  184.3s
[cem/score] gen 166 cap   200 | mean     60.03 | elite     60.03 | best     60.03 | |sigma|  0.000 |  185.6s
[cem/score] gen 167 cap   200 | mean     60.41 | elite     60.41 | best     60.41 | |sigma|  0.000 |  186.8s
[cem/score] gen 168 cap   200 | mean     57.90 | elite     57.90 | best     57.90 | |sigma|  0.000 |  188.1s
[cem/score] gen 169 cap   200 | mean     60.99 | elite     60.99 | best     60.99 | |sigma|  0.000 |  189.4s
[cem/score] gen 170 cap   200 | mean     59.16 | elite     59.16 | best     59.16 | |sigma|  0.000 |  190.8s
[cem/score] gen 171 cap   200 | mean     61.34 | elite     61.34 | best     61.34 | |sigma|  0.000 |  192.0s
[cem/score] gen 172 cap   200 | mean     57.15 | elite     57.15 | best     57.15 | |sigma|  0.000 |  193.2s
[cem/score] gen 173 cap   200 | mean     58.99 | elite     58.99 | best     58.99 | |sigma|  0.000 |  194.4s
[cem/score] gen 174 cap   200 | mean     60.00 | elite     60.00 | best     60.00 | |sigma|  0.000 |  195.7s
[cem/score] gen 175 cap   200 | mean     58.25 | elite     58.25 | best     58.25 | |sigma|  0.000 |  197.1s
[cem/score] gen 176 cap   200 | mean     61.25 | elite     61.25 | best     61.25 | |sigma|  0.000 |  198.3s
[cem/score] gen 177 cap   200 | mean     58.50 | elite     58.50 | best     58.50 | |sigma|  0.000 |  199.6s
[cem/score] gen 178 cap   200 | mean     60.16 | elite     60.16 | best     60.16 | |sigma|  0.000 |  200.8s
[cem/score] gen 179 cap   200 | mean     60.38 | elite     60.38 | best     60.38 | |sigma|  0.000 |  202.1s
[cem/score] gen 180 cap   200 | mean     59.43 | elite     59.43 | best     59.43 | |sigma|  0.000 |  203.3s
[cem/score] gen 181 cap   200 | mean     61.31 | elite     61.31 | best     61.31 | |sigma|  0.000 |  204.7s
[cem/score] gen 182 cap   200 | mean     60.41 | elite     60.41 | best     60.41 | |sigma|  0.000 |  206.0s
[cem/score] gen 183 cap   200 | mean     60.84 | elite     60.84 | best     60.84 | |sigma|  0.000 |  207.4s
[cem/score] gen 184 cap   200 | mean     58.46 | elite     58.46 | best     58.46 | |sigma|  0.000 |  208.7s
[cem/score] gen 185 cap   200 | mean     59.16 | elite     59.16 | best     59.16 | |sigma|  0.000 |  210.0s
[cem/score] gen 186 cap   200 | mean     59.88 | elite     59.88 | best     59.88 | |sigma|  0.000 |  211.3s
[cem/score] gen 187 cap   200 | mean     60.72 | elite     60.72 | best     60.72 | |sigma|  0.000 |  212.6s
[cem/score] gen 188 cap   200 | mean     59.25 | elite     59.25 | best     59.25 | |sigma|  0.000 |  213.8s
[cem/score] gen 189 cap   200 | mean     57.29 | elite     57.29 | best     57.29 | |sigma|  0.000 |  215.0s
[cem/score] gen 190 cap   200 | mean     61.47 | elite     61.47 | best     61.47 | |sigma|  0.000 |  216.2s
[cem/score] gen 191 cap   200 | mean     59.36 | elite     59.36 | best     59.36 | |sigma|  0.000 |  217.4s
[cem/score] gen 192 cap   200 | mean     60.44 | elite     60.44 | best     60.44 | |sigma|  0.000 |  218.7s
[cem/score] gen 193 cap   200 | mean     58.97 | elite     58.97 | best     58.97 | |sigma|  0.000 |  220.0s
[cem/score] gen 194 cap   200 | mean     57.62 | elite     57.62 | best     57.62 | |sigma|  0.000 |  221.2s
[cem/score] gen 195 cap   200 | mean     62.62 | elite     62.62 | best     62.62 | |sigma|  0.000 |  222.5s
[cem/score] gen 196 cap   200 | mean     58.83 | elite     58.83 | best     58.83 | |sigma|  0.000 |  223.7s
[cem/score] gen 197 cap   200 | mean     57.25 | elite     57.25 | best     57.25 | |sigma|  0.000 |  224.9s
[cem/score] gen 198 cap   200 | mean     58.34 | elite     58.34 | best     58.34 | |sigma|  0.000 |  226.2s
[cem/score] gen 199 cap   200 | mean     57.14 | elite     57.14 | best     57.14 | |sigma|  0.000 |  227.4s
[cem/score] gen 200 cap   200 | mean     57.10 | elite     57.10 | best     57.10 | |sigma|  0.000 |  228.6s
[cem/score] gen 201 cap   200 | mean     59.00 | elite     59.00 | best     59.00 | |sigma|  0.000 |  229.8s
[cem/score] gen 202 cap   200 | mean     57.74 | elite     57.74 | best     57.74 | |sigma|  0.000 |  231.0s
[cem/score] gen 203 cap   200 | mean     61.38 | elite     61.38 | best     61.38 | |sigma|  0.000 |  232.2s
[cem/score] gen 204 cap   200 | mean     62.38 | elite     62.38 | best     62.38 | |sigma|  0.000 |  233.5s
[cem/score] gen 205 cap   200 | mean     54.27 | elite     54.27 | best     54.27 | |sigma|  0.000 |  234.6s
[cem/score] gen 206 cap   200 | mean     60.75 | elite     60.75 | best     60.75 | |sigma|  0.000 |  235.9s
[cem/score] gen 207 cap   200 | mean     57.32 | elite     57.32 | best     57.32 | |sigma|  0.000 |  237.0s
[cem/score] gen 208 cap   200 | mean     60.58 | elite     60.58 | best     60.58 | |sigma|  0.000 |  238.2s
[cem/score] gen 209 cap   200 | mean     58.04 | elite     58.04 | best     58.04 | |sigma|  0.000 |  239.4s
[cem/score] gen 210 cap   200 | mean     59.69 | elite     59.69 | best     59.69 | |sigma|  0.000 |  240.6s
[cem/score] gen 211 cap   200 | mean     60.11 | elite     60.11 | best     60.11 | |sigma|  0.000 |  241.7s
[cem/score] gen 212 cap   200 | mean     60.59 | elite     60.59 | best     60.59 | |sigma|  0.000 |  242.9s
[cem/score] gen 213 cap   200 | mean     56.06 | elite     56.06 | best     56.06 | |sigma|  0.000 |  244.1s
[cem/score] gen 214 cap   200 | mean     51.36 | elite     51.36 | best     51.36 | |sigma|  0.000 |  245.2s
[cem/score] gen 215 cap   200 | mean     51.70 | elite     51.70 | best     51.70 | |sigma|  0.000 |  246.3s
[cem/score] gen 216 cap   200 | mean     58.46 | elite     58.46 | best     58.46 | |sigma|  0.000 |  247.4s
[cem/score] gen 217 cap   200 | mean     55.40 | elite     55.40 | best     55.40 | |sigma|  0.000 |  248.6s
[cem/score] gen 218 cap   200 | mean     61.21 | elite     61.21 | best     61.21 | |sigma|  0.000 |  249.8s
[cem/score] gen 219 cap   200 | mean     58.35 | elite     58.35 | best     58.35 | |sigma|  0.000 |  251.0s
[cem/score] gen 220 cap   200 | mean     60.53 | elite     60.53 | best     60.53 | |sigma|  0.000 |  252.5s
[cem/score] gen 221 cap   200 | mean     58.93 | elite     58.93 | best     58.93 | |sigma|  0.000 |  253.6s
[cem/score] gen 222 cap   200 | mean     59.34 | elite     59.34 | best     59.34 | |sigma|  0.000 |  254.9s
[cem/score] gen 223 cap   200 | mean     58.53 | elite     58.53 | best     58.53 | |sigma|  0.000 |  256.1s
[cem/score] gen 224 cap   200 | mean     57.47 | elite     57.47 | best     57.47 | |sigma|  0.000 |  257.2s
[cem/score] gen 225 cap   200 | mean     61.44 | elite     61.44 | best     61.44 | |sigma|  0.000 |  258.4s
[cem/score] gen 226 cap   200 | mean     60.03 | elite     60.03 | best     60.03 | |sigma|  0.000 |  259.6s
[cem/score] gen 227 cap   200 | mean     58.50 | elite     58.50 | best     58.50 | |sigma|  0.000 |  260.7s
[cem/score] gen 228 cap   200 | mean     61.62 | elite     61.62 | best     61.62 | |sigma|  0.000 |  261.9s
[cem/score] gen 229 cap   200 | mean     62.12 | elite     62.12 | best     62.12 | |sigma|  0.000 |  263.0s
[cem/score] gen 230 cap   200 | mean     58.72 | elite     58.72 | best     58.72 | |sigma|  0.000 |  264.2s
[cem/score] gen 231 cap   200 | mean     57.22 | elite     57.22 | best     57.22 | |sigma|  0.000 |  265.4s
[cem/score] gen 232 cap   200 | mean     59.94 | elite     59.94 | best     59.94 | |sigma|  0.000 |  266.5s
[cem/score] gen 233 cap   200 | mean     59.41 | elite     59.41 | best     59.41 | |sigma|  0.000 |  267.7s
[cem/score] gen 234 cap   200 | mean     59.62 | elite     59.62 | best     59.62 | |sigma|  0.000 |  268.9s
[cem/score] gen 235 cap   200 | mean     59.16 | elite     59.16 | best     59.16 | |sigma|  0.000 |  270.1s
[cem/score] gen 236 cap   200 | mean     58.31 | elite     58.31 | best     58.31 | |sigma|  0.000 |  271.2s
[cem/score] gen 237 cap   200 | mean     58.38 | elite     58.38 | best     58.38 | |sigma|  0.000 |  272.4s
[cem/score] gen 238 cap   200 | mean     59.59 | elite     59.59 | best     59.59 | |sigma|  0.000 |  273.5s
[cem/score] gen 239 cap   200 | mean     59.59 | elite     59.59 | best     59.59 | |sigma|  0.000 |  274.7s
[cem/score] gen 240 cap   200 | mean     61.41 | elite     61.41 | best     61.41 | |sigma|  0.000 |  275.9s
[cem/score] gen 241 cap   200 | mean     59.09 | elite     59.09 | best     59.09 | |sigma|  0.000 |  277.1s
[cem/score] gen 242 cap   200 | mean     60.99 | elite     60.99 | best     60.99 | |sigma|  0.000 |  278.2s
[cem/score] gen 243 cap   200 | mean     60.14 | elite     60.14 | best     60.14 | |sigma|  0.000 |  279.4s
[cem/score] gen 244 cap   200 | mean     61.03 | elite     61.03 | best     61.03 | |sigma|  0.000 |  280.5s
[cem/score] gen 245 cap   200 | mean     62.41 | elite     62.41 | best     62.41 | |sigma|  0.000 |  281.7s
[cem/score] gen 246 cap   200 | mean     60.62 | elite     60.62 | best     60.62 | |sigma|  0.000 |  282.9s
[cem/score] gen 247 cap   200 | mean     54.66 | elite     54.66 | best     54.66 | |sigma|  0.000 |  284.0s
[cem/score] gen 248 cap   200 | mean     61.44 | elite     61.44 | best     61.44 | |sigma|  0.000 |  285.1s
[cem/score] gen 249 cap   200 | mean     59.84 | elite     59.84 | best     59.84 | |sigma|  0.000 |  286.3s
[cem/score] gen 250 cap   200 | mean     59.97 | elite     59.97 | best     59.97 | |sigma|  0.000 |  287.5s
[cem/score] gen 251 cap   200 | mean     63.59 | elite     63.59 | best     63.59 | |sigma|  0.000 |  288.7s
[cem/score] gen 252 cap   200 | mean     58.12 | elite     58.12 | best     58.12 | |sigma|  0.000 |  289.8s
[cem/score] gen 253 cap   200 | mean     60.28 | elite     60.28 | best     60.28 | |sigma|  0.000 |  291.6s
[cem/score] gen 254 cap   200 | mean     60.38 | elite     60.38 | best     60.38 | |sigma|  0.000 |  294.1s
[cem/score] gen 255 cap   200 | mean     60.97 | elite     60.97 | best     60.97 | |sigma|  0.000 |  296.0s
[cem/score] gen 256 cap   200 | mean     63.31 | elite     63.31 | best     63.31 | |sigma|  0.000 |  298.0s
[cem/score] gen 257 cap   200 | mean     60.10 | elite     60.10 | best     60.10 | |sigma|  0.000 |  300.0s
[cem/score] gen 258 cap   200 | mean     60.78 | elite     60.78 | best     60.78 | |sigma|  0.000 |  302.0s
[cem/score] gen 259 cap   200 | mean     61.06 | elite     61.06 | best     61.06 | |sigma|  0.000 |  304.0s
[cem/score] gen 260 cap   200 | mean     61.66 | elite     61.66 | best     61.66 | |sigma|  0.000 |  306.1s
[cem/score] gen 261 cap   200 | mean     58.07 | elite     58.07 | best     58.07 | |sigma|  0.000 |  307.5s
[cem/score] gen 262 cap   200 | mean     61.19 | elite     61.19 | best     61.19 | |sigma|  0.000 |  309.0s
[cem/score] gen 263 cap   200 | mean     56.81 | elite     56.81 | best     56.81 | |sigma|  0.000 |  310.2s
[cem/score] gen 264 cap   200 | mean     59.12 | elite     59.12 | best     59.12 | |sigma|  0.000 |  311.5s
[cem/score] gen 265 cap   200 | mean     55.46 | elite     55.46 | best     55.46 | |sigma|  0.000 |  312.6s
[cem/score] gen 266 cap   200 | mean     60.47 | elite     60.47 | best     60.47 | |sigma|  0.000 |  313.9s
[cem/score] gen 267 cap   200 | mean     60.47 | elite     60.47 | best     60.47 | |sigma|  0.000 |  315.1s
[cem/score] gen 268 cap   200 | mean     61.34 | elite     61.34 | best     61.34 | |sigma|  0.000 |  316.4s
[cem/score] gen 269 cap   200 | mean     59.12 | elite     59.12 | best     59.12 | |sigma|  0.000 |  317.6s
[cem/score] gen 270 cap   200 | mean     60.12 | elite     60.12 | best     60.12 | |sigma|  0.000 |  318.9s
[cem/score] gen 271 cap   200 | mean     61.00 | elite     61.00 | best     61.00 | |sigma|  0.000 |  320.1s
[cem/score] gen 272 cap   200 | mean     57.01 | elite     57.01 | best     57.01 | |sigma|  0.000 |  321.2s
[cem/score] gen 273 cap   200 | mean     60.94 | elite     60.94 | best     60.94 | |sigma|  0.000 |  322.5s
[cem/score] gen 274 cap   200 | mean     57.97 | elite     57.97 | best     57.97 | |sigma|  0.000 |  323.8s
[cem/score] gen 275 cap   200 | mean     62.44 | elite     62.44 | best     62.44 | |sigma|  0.000 |  325.1s
[cem/score] gen 276 cap   200 | mean     58.64 | elite     58.64 | best     58.64 | |sigma|  0.000 |  326.3s
[cem/score] gen 277 cap   200 | mean     55.68 | elite     55.68 | best     55.68 | |sigma|  0.000 |  327.5s
[cem/score] gen 278 cap   200 | mean     60.09 | elite     60.09 | best     60.09 | |sigma|  0.000 |  328.7s
[cem/score] gen 279 cap   200 | mean     62.31 | elite     62.31 | best     62.31 | |sigma|  0.000 |  330.0s
[cem/score] gen 280 cap   200 | mean     60.72 | elite     60.72 | best     60.72 | |sigma|  0.000 |  331.3s
[cem/score] gen 281 cap   200 | mean     58.74 | elite     58.74 | best     58.74 | |sigma|  0.000 |  332.5s
[cem/score] gen 282 cap   200 | mean     58.20 | elite     58.20 | best     58.20 | |sigma|  0.000 |  333.7s
[cem/score] gen 283 cap   200 | mean     59.64 | elite     59.64 | best     59.64 | |sigma|  0.000 |  335.0s
[cem/score] gen 284 cap   200 | mean     59.59 | elite     59.59 | best     59.59 | |sigma|  0.000 |  336.2s
[cem/score] gen 285 cap   200 | mean     60.06 | elite     60.06 | best     60.06 | |sigma|  0.000 |  337.5s
[cem/score] gen 286 cap   200 | mean     59.78 | elite     59.78 | best     59.78 | |sigma|  0.000 |  338.8s
[cem/score] gen 287 cap   200 | mean     56.63 | elite     56.63 | best     56.63 | |sigma|  0.000 |  340.0s
[cem/score] gen 288 cap   200 | mean     62.72 | elite     62.72 | best     62.72 | |sigma|  0.000 |  341.2s
[cem/score] gen 289 cap   200 | mean     61.50 | elite     61.50 | best     61.50 | |sigma|  0.000 |  342.4s
[cem/score] gen 290 cap   200 | mean     61.28 | elite     61.28 | best     61.28 | |sigma|  0.000 |  343.6s
[cem/score] gen 291 cap   200 | mean     59.75 | elite     59.75 | best     59.75 | |sigma|  0.000 |  344.9s
[cem/score] gen 292 cap   200 | mean     60.75 | elite     60.75 | best     60.75 | |sigma|  0.000 |  346.1s
[cem/score] gen 293 cap   200 | mean     58.03 | elite     58.03 | best     58.03 | |sigma|  0.000 |  347.3s
[cem/score] gen 294 cap   200 | mean     59.51 | elite     59.51 | best     59.51 | |sigma|  0.000 |  348.5s
[cem/score] gen 295 cap   200 | mean     61.66 | elite     61.66 | best     61.66 | |sigma|  0.000 |  349.8s
[cem/score] gen 296 cap   200 | mean     58.78 | elite     58.78 | best     58.78 | |sigma|  0.000 |  351.1s
[cem/score] gen 297 cap   200 | mean     63.28 | elite     63.28 | best     63.28 | |sigma|  0.000 |  352.5s
[cem/score] gen 298 cap   200 | mean     59.45 | elite     59.45 | best     59.45 | |sigma|  0.000 |  353.7s
[cem/score] gen 299 cap   200 | mean     60.37 | elite     60.37 | best     60.37 | |sigma|  0.000 |  355.0s
[cem/score] gen 300 cap   200 | mean     57.72 | elite     57.72 | best     57.72 | |sigma|  0.000 |  356.2s
[cem/score] gen 301 cap   200 | mean     60.03 | elite     60.03 | best     60.03 | |sigma|  0.000 |  357.5s
[cem/score] gen 302 cap   200 | mean     62.31 | elite     62.31 | best     62.31 | |sigma|  0.000 |  358.8s
[cem/score] gen 303 cap   200 | mean     60.87 | elite     60.87 | best     60.87 | |sigma|  0.000 |  360.0s
[cem/score] gen 304 cap   200 | mean     56.84 | elite     56.84 | best     56.84 | |sigma|  0.000 |  361.2s
[cem/score] gen 305 cap   200 | mean     64.22 | elite     64.22 | best     64.22 | |sigma|  0.000 |  362.5s
[cem/score] gen 306 cap   200 | mean     51.05 | elite     51.05 | best     51.05 | |sigma|  0.000 |  363.6s
[cem/score] gen 307 cap   200 | mean     54.87 | elite     54.87 | best     54.87 | |sigma|  0.000 |  364.8s
[cem/score] gen 308 cap   200 | mean     55.67 | elite     55.67 | best     55.67 | |sigma|  0.000 |  366.0s
[cem/score] gen 309 cap   200 | mean     55.17 | elite     55.17 | best     55.17 | |sigma|  0.000 |  367.1s
[cem/score] gen 310 cap   200 | mean     61.03 | elite     61.03 | best     61.03 | |sigma|  0.000 |  368.4s
[cem/score] gen 311 cap   200 | mean     61.38 | elite     61.38 | best     61.38 | |sigma|  0.000 |  369.7s
[cem/score] gen 312 cap   200 | mean     61.75 | elite     61.75 | best     61.75 | |sigma|  0.000 |  371.0s
[cem/score] gen 313 cap   200 | mean     57.42 | elite     57.42 | best     57.42 | |sigma|  0.000 |  372.2s
[cem/score] gen 314 cap   200 | mean     60.31 | elite     60.31 | best     60.31 | |sigma|  0.000 |  373.6s
[cem/score] gen 315 cap   200 | mean     57.97 | elite     57.97 | best     57.97 | |sigma|  0.000 |  374.8s
[cem/score] gen 316 cap   200 | mean     62.88 | elite     62.88 | best     62.88 | |sigma|  0.000 |  376.1s
[cem/score] gen 317 cap   200 | mean     59.48 | elite     59.48 | best     59.48 | |sigma|  0.000 |  377.3s
[cem/score] gen 318 cap   200 | mean     59.81 | elite     59.81 | best     59.81 | |sigma|  0.000 |  378.6s
[cem/score] gen 319 cap   200 | mean     56.14 | elite     56.14 | best     56.14 | |sigma|  0.000 |  379.8s
[cem/score] gen 320 cap   200 | mean     64.22 | elite     64.22 | best     64.22 | |sigma|  0.000 |  381.1s
[cem/score] gen 321 cap   200 | mean     61.44 | elite     61.44 | best     61.44 | |sigma|  0.000 |  382.4s
[cem/score] gen 322 cap   200 | mean     60.66 | elite     60.66 | best     60.66 | |sigma|  0.000 |  383.6s
[cem/score] gen 323 cap   200 | mean     57.75 | elite     57.75 | best     57.75 | |sigma|  0.000 |  384.9s
[cem/score] gen 324 cap   200 | mean     51.11 | elite     51.11 | best     51.11 | |sigma|  0.000 |  386.0s
[cem/score] gen 325 cap   200 | mean     58.65 | elite     58.65 | best     58.65 | |sigma|  0.000 |  387.2s
[cem/score] gen 326 cap   200 | mean     59.94 | elite     59.94 | best     59.94 | |sigma|  0.000 |  388.5s
[cem/score] gen 327 cap   200 | mean     58.88 | elite     58.88 | best     58.88 | |sigma|  0.000 |  389.7s
[cem/score] gen 328 cap   200 | mean     60.21 | elite     60.21 | best     60.21 | |sigma|  0.000 |  391.0s
[cem/score] gen 329 cap   200 | mean     60.50 | elite     60.50 | best     60.50 | |sigma|  0.000 |  392.2s
[cem/score] gen 330 cap   200 | mean     56.72 | elite     56.72 | best     56.72 | |sigma|  0.000 |  393.4s
[cem/score] gen 331 cap   200 | mean     57.47 | elite     57.47 | best     57.47 | |sigma|  0.000 |  394.7s
[cem/score] gen 332 cap   200 | mean     59.00 | elite     59.00 | best     59.00 | |sigma|  0.000 |  395.9s
[cem/score] gen 333 cap   200 | mean     59.84 | elite     59.84 | best     59.84 | |sigma|  0.000 |  397.3s
[cem/score] gen 334 cap   200 | mean     61.12 | elite     61.12 | best     61.12 | |sigma|  0.000 |  398.5s
[cem/score] gen 335 cap   200 | mean     63.69 | elite     63.69 | best     63.69 | |sigma|  0.000 |  399.8s
[cem/score] gen 336 cap   200 | mean     61.41 | elite     61.41 | best     61.41 | |sigma|  0.000 |  401.1s
[cem/score] gen 337 cap   200 | mean     58.62 | elite     58.62 | best     58.62 | |sigma|  0.000 |  402.3s
[cem/score] gen 338 cap   200 | mean     56.31 | elite     56.31 | best     56.31 | |sigma|  0.000 |  403.7s
[cem/score] gen 339 cap   200 | mean     58.67 | elite     58.67 | best     58.67 | |sigma|  0.000 |  404.9s
[cem/score] gen 340 cap   200 | mean     62.53 | elite     62.53 | best     62.53 | |sigma|  0.000 |  406.2s
[cem/score] gen 341 cap   200 | mean     59.86 | elite     59.86 | best     59.86 | |sigma|  0.000 |  407.5s
[cem/score] gen 342 cap   200 | mean     55.18 | elite     55.18 | best     55.18 | |sigma|  0.000 |  408.7s
[cem/score] gen 343 cap   200 | mean     58.41 | elite     58.41 | best     58.41 | |sigma|  0.000 |  409.9s
[cem/score] gen 344 cap   200 | mean     57.37 | elite     57.37 | best     57.37 | |sigma|  0.000 |  411.2s
[cem/score] gen 345 cap   200 | mean     59.68 | elite     59.68 | best     59.68 | |sigma|  0.000 |  412.4s
[cem/score] gen 346 cap   200 | mean     58.50 | elite     58.50 | best     58.50 | |sigma|  0.000 |  413.7s
[cem/score] gen 347 cap   200 | mean     56.68 | elite     56.68 | best     56.68 | |sigma|  0.000 |  415.0s
[cem/score] gen 348 cap   200 | mean     60.43 | elite     60.43 | best     60.43 | |sigma|  0.000 |  416.2s
[cem/score] gen 349 cap   200 | mean     56.86 | elite     56.86 | best     56.86 | |sigma|  0.000 |  417.5s
[cem/score] gen 350 cap   200 | mean     55.20 | elite     55.20 | best     55.20 | |sigma|  0.000 |  418.7s
[cem/score] gen 351 cap   200 | mean     60.41 | elite     60.41 | best     60.41 | |sigma|  0.000 |  420.0s
[cem/score] gen 352 cap   200 | mean     60.56 | elite     60.56 | best     60.56 | |sigma|  0.000 |  421.2s
[cem/score] gen 353 cap   200 | mean     60.00 | elite     60.00 | best     60.00 | |sigma|  0.000 |  422.5s
[cem/score] gen 354 cap   200 | mean     60.41 | elite     60.41 | best     60.41 | |sigma|  0.000 |  423.8s
[cem/score] gen 355 cap   200 | mean     60.25 | elite     60.25 | best     60.25 | |sigma|  0.000 |  425.0s
[cem/score] gen 356 cap   200 | mean     60.27 | elite     60.27 | best     60.27 | |sigma|  0.000 |  426.2s
[cem/score] gen 357 cap   200 | mean     61.06 | elite     61.06 | best     61.06 | |sigma|  0.000 |  427.5s
[cem/score] gen 358 cap   200 | mean     59.56 | elite     59.56 | best     59.56 | |sigma|  0.000 |  428.8s
[cem/score] gen 359 cap   200 | mean     60.78 | elite     60.78 | best     60.78 | |sigma|  0.000 |  430.1s
[cem/score] gen 360 cap   200 | mean     60.30 | elite     60.30 | best     60.30 | |sigma|  0.000 |  431.4s
[cem/score] gen 361 cap   200 | mean     59.47 | elite     59.47 | best     59.47 | |sigma|  0.000 |  432.7s
[cem/score] gen 362 cap   200 | mean     59.75 | elite     59.75 | best     59.75 | |sigma|  0.000 |  434.0s
[cem/score] gen 363 cap   200 | mean     63.06 | elite     63.06 | best     63.06 | |sigma|  0.000 |  435.3s
[cem/score] gen 364 cap   200 | mean     61.44 | elite     61.44 | best     61.44 | |sigma|  0.000 |  436.6s
[cem/score] gen 365 cap   200 | mean     54.99 | elite     54.99 | best     54.99 | |sigma|  0.000 |  437.8s
[cem/score] gen 366 cap   200 | mean     59.53 | elite     59.53 | best     59.53 | |sigma|  0.000 |  439.1s
[cem/score] gen 367 cap   200 | mean     58.37 | elite     58.37 | best     58.37 | |sigma|  0.000 |  440.3s
[cem/score] gen 368 cap   200 | mean     60.69 | elite     60.69 | best     60.69 | |sigma|  0.000 |  441.6s
[cem/score] gen 369 cap   200 | mean     61.09 | elite     61.09 | best     61.09 | |sigma|  0.000 |  442.9s
[cem/score] gen 370 cap   200 | mean     58.34 | elite     58.34 | best     58.34 | |sigma|  0.000 |  444.1s
[cem/score] gen 371 cap   200 | mean     56.25 | elite     56.25 | best     56.25 | |sigma|  0.000 |  445.4s
[cem/score] gen 372 cap   200 | mean     56.56 | elite     56.56 | best     56.56 | |sigma|  0.000 |  446.6s
[cem/score] gen 373 cap   200 | mean     61.66 | elite     61.66 | best     61.66 | |sigma|  0.000 |  447.9s
[cem/score] gen 374 cap   200 | mean     59.52 | elite     59.52 | best     59.52 | |sigma|  0.000 |  449.1s
[cem/score] gen 375 cap   200 | mean     60.05 | elite     60.05 | best     60.05 | |sigma|  0.000 |  450.4s
[cem/score] gen 376 cap   200 | mean     58.47 | elite     58.47 | best     58.47 | |sigma|  0.000 |  451.7s
[cem/score] gen 377 cap   200 | mean     57.65 | elite     57.65 | best     57.65 | |sigma|  0.000 |  452.9s
[cem/score] gen 378 cap   200 | mean     58.66 | elite     58.66 | best     58.66 | |sigma|  0.000 |  454.2s
[cem/score] gen 379 cap   200 | mean     61.19 | elite     61.19 | best     61.19 | |sigma|  0.000 |  455.4s
[cem/score] gen 380 cap   200 | mean     59.62 | elite     59.62 | best     59.62 | |sigma|  0.000 |  456.8s
[cem/score] gen 381 cap   200 | mean     62.22 | elite     62.22 | best     62.22 | |sigma|  0.000 |  458.0s
[cem/score] gen 382 cap   200 | mean     62.50 | elite     62.50 | best     62.50 | |sigma|  0.000 |  459.3s
[cem/score] gen 383 cap   200 | mean     57.73 | elite     57.73 | best     57.73 | |sigma|  0.000 |  460.6s
[cem/score] gen 384 cap   200 | mean     61.34 | elite     61.34 | best     61.34 | |sigma|  0.000 |  461.8s
[cem/score] gen 385 cap   200 | mean     60.81 | elite     60.81 | best     60.81 | |sigma|  0.000 |  463.0s
[cem/score] gen 386 cap   200 | mean     57.06 | elite     57.06 | best     57.06 | |sigma|  0.000 |  464.2s
[cem/score] gen 387 cap   200 | mean     60.53 | elite     60.53 | best     60.53 | |sigma|  0.000 |  465.5s
[cem/score] gen 388 cap   200 | mean     57.05 | elite     57.05 | best     57.05 | |sigma|  0.000 |  466.7s
[cem/score] gen 389 cap   200 | mean     59.22 | elite     59.22 | best     59.22 | |sigma|  0.000 |  468.0s
[cem/score] gen 390 cap   200 | mean     60.35 | elite     60.35 | best     60.35 | |sigma|  0.000 |  469.2s
[cem/score] gen 391 cap   200 | mean     61.69 | elite     61.69 | best     61.69 | |sigma|  0.000 |  470.5s
[cem/score] gen 392 cap   200 | mean     59.88 | elite     59.88 | best     59.88 | |sigma|  0.000 |  471.7s
[cem/score] gen 393 cap   200 | mean     55.48 | elite     55.48 | best     55.48 | |sigma|  0.000 |  473.0s
[cem/score] gen 394 cap   200 | mean     61.34 | elite     61.34 | best     61.34 | |sigma|  0.000 |  474.3s
[cem/score] gen 395 cap   200 | mean     60.04 | elite     60.04 | best     60.04 | |sigma|  0.000 |  475.5s
[cem/score] gen 396 cap   200 | mean     59.47 | elite     59.47 | best     59.47 | |sigma|  0.000 |  476.7s
[cem/score] gen 397 cap   200 | mean     56.63 | elite     56.63 | best     56.63 | |sigma|  0.000 |  477.9s
[cem/score] gen 398 cap   200 | mean     60.75 | elite     60.75 | best     60.75 | |sigma|  0.000 |  479.2s
[cem/score] gen 399 cap   200 | mean     54.65 | elite     54.65 | best     54.65 | |sigma|  0.000 |  480.3s
[cem/score] gen 400 cap   200 | mean     59.99 | elite     59.99 | best     59.99 | |sigma|  0.000 |  481.5s
[cem/score] gen 401 cap   200 | mean     61.56 | elite     61.56 | best     61.56 | |sigma|  0.000 |  482.8s
[cem/score] gen 402 cap   200 | mean     52.98 | elite     52.98 | best     52.98 | |sigma|  0.000 |  483.9s
[cem/score] gen 403 cap   200 | mean     62.06 | elite     62.06 | best     62.06 | |sigma|  0.000 |  485.2s
[cem/score] gen 404 cap   200 | mean     59.06 | elite     59.06 | best     59.06 | |sigma|  0.000 |  486.5s
[cem/score] gen 405 cap   200 | mean     61.66 | elite     61.66 | best     61.66 | |sigma|  0.000 |  487.8s
[cem/score] gen 406 cap   200 | mean     60.03 | elite     60.03 | best     60.03 | |sigma|  0.000 |  489.0s
[cem/score] gen 407 cap   200 | mean     59.34 | elite     59.34 | best     59.34 | |sigma|  0.000 |  490.3s
[cem/score] gen 408 cap   200 | mean     60.81 | elite     60.81 | best     60.81 | |sigma|  0.000 |  491.6s
[cem/score] gen 409 cap   200 | mean     61.25 | elite     61.25 | best     61.25 | |sigma|  0.000 |  492.8s
[cem/score] gen 410 cap   200 | mean     58.10 | elite     58.10 | best     58.10 | |sigma|  0.000 |  494.1s
[cem/score] gen 411 cap   200 | mean     59.72 | elite     59.72 | best     59.72 | |sigma|  0.000 |  495.4s
[cem/score] gen 412 cap   200 | mean     63.28 | elite     63.28 | best     63.28 | |sigma|  0.000 |  496.7s
[cem/score] gen 413 cap   200 | mean     56.01 | elite     56.01 | best     56.01 | |sigma|  0.000 |  497.9s
[cem/score] gen 414 cap   200 | mean     59.00 | elite     59.00 | best     59.00 | |sigma|  0.000 |  499.2s
[cem/score] gen 415 cap   200 | mean     59.37 | elite     59.37 | best     59.37 | |sigma|  0.000 |  500.4s
[cem/score] gen 416 cap   200 | mean     58.96 | elite     58.96 | best     58.96 | |sigma|  0.000 |  501.7s
[cem/score] gen 417 cap   200 | mean     59.88 | elite     59.88 | best     59.88 | |sigma|  0.000 |  502.9s
[cem/score] gen 418 cap   200 | mean     52.66 | elite     52.66 | best     52.66 | |sigma|  0.000 |  504.1s
[cem/score] gen 419 cap   200 | mean     57.21 | elite     57.21 | best     57.21 | |sigma|  0.000 |  505.3s
[cem/score] gen 420 cap   200 | mean     62.91 | elite     62.91 | best     62.91 | |sigma|  0.000 |  506.5s
[cem/score] gen 421 cap   200 | mean     58.28 | elite     58.28 | best     58.28 | |sigma|  0.000 |  507.8s
[cem/score] gen 422 cap   200 | mean     59.12 | elite     59.12 | best     59.12 | |sigma|  0.000 |  509.1s
[cem/score] gen 423 cap   200 | mean     57.80 | elite     57.80 | best     57.80 | |sigma|  0.000 |  510.3s
[cem/score] gen 424 cap   200 | mean     62.34 | elite     62.34 | best     62.34 | |sigma|  0.000 |  511.5s
[cem/score] gen 425 cap   200 | mean     58.66 | elite     58.66 | best     58.66 | |sigma|  0.000 |  512.8s
[cem/score] gen 426 cap   200 | mean     60.97 | elite     60.97 | best     60.97 | |sigma|  0.000 |  514.1s
[cem/score] gen 427 cap   200 | mean     62.31 | elite     62.31 | best     62.31 | |sigma|  0.000 |  515.3s
[cem/score] gen 428 cap   200 | mean     61.19 | elite     61.19 | best     61.19 | |sigma|  0.000 |  516.6s
[cem/score] gen 429 cap   200 | mean     57.89 | elite     57.89 | best     57.89 | |sigma|  0.000 |  517.8s
[cem/score] gen 430 cap   200 | mean     58.59 | elite     58.59 | best     58.59 | |sigma|  0.000 |  519.0s
[cem/score] gen 431 cap   200 | mean     54.57 | elite     54.57 | best     54.57 | |sigma|  0.000 |  520.2s
[cem/score] gen 432 cap   200 | mean     57.19 | elite     57.19 | best     57.19 | |sigma|  0.000 |  521.5s
[cem/score] gen 433 cap   200 | mean     59.59 | elite     59.59 | best     59.59 | |sigma|  0.000 |  522.8s
[cem/score] gen 434 cap   200 | mean     59.03 | elite     59.03 | best     59.03 | |sigma|  0.000 |  524.2s
[cem/score] gen 435 cap   200 | mean     59.28 | elite     59.28 | best     59.28 | |sigma|  0.000 |  525.5s
[cem/score] gen 436 cap   200 | mean     56.12 | elite     56.12 | best     56.12 | |sigma|  0.000 |  526.7s
[cem/score] gen 437 cap   200 | mean     60.44 | elite     60.44 | best     60.44 | |sigma|  0.000 |  528.0s
[cem/score] gen 438 cap   200 | mean     58.03 | elite     58.03 | best     58.03 | |sigma|  0.000 |  529.2s
[cem/score] gen 439 cap   200 | mean     60.00 | elite     60.00 | best     60.00 | |sigma|  0.000 |  530.5s
[cem/score] gen 440 cap   200 | mean     58.47 | elite     58.47 | best     58.47 | |sigma|  0.000 |  531.7s
[cem/score] gen 441 cap   200 | mean     61.59 | elite     61.59 | best     61.59 | |sigma|  0.000 |  533.0s
[cem/score] gen 442 cap   200 | mean     55.55 | elite     55.55 | best     55.55 | |sigma|  0.000 |  534.1s
[cem/score] gen 443 cap   200 | mean     61.44 | elite     61.44 | best     61.44 | |sigma|  0.000 |  535.6s
[cem/score] gen 444 cap   200 | mean     60.88 | elite     60.88 | best     60.88 | |sigma|  0.000 |  536.8s
[cem/score] gen 445 cap   200 | mean     60.84 | elite     60.84 | best     60.84 | |sigma|  0.000 |  538.1s
[cem/score] gen 446 cap   200 | mean     60.53 | elite     60.53 | best     60.53 | |sigma|  0.000 |  539.3s
[cem/score] gen 447 cap   200 | mean     60.50 | elite     60.50 | best     60.50 | |sigma|  0.000 |  540.6s
[cem/score] gen 448 cap   200 | mean     59.28 | elite     59.28 | best     59.28 | |sigma|  0.000 |  541.9s
[cem/score] gen 449 cap   200 | mean     56.51 | elite     56.51 | best     56.51 | |sigma|  0.000 |  543.1s
[cem/score] gen 450 cap   200 | mean     60.25 | elite     60.25 | best     60.25 | |sigma|  0.000 |  544.4s
[cem/score] gen 451 cap   200 | mean     60.41 | elite     60.41 | best     60.41 | |sigma|  0.000 |  545.7s
[cem/score] gen 452 cap   200 | mean     63.25 | elite     63.25 | best     63.25 | |sigma|  0.000 |  547.0s
[cem/score] gen 453 cap   200 | mean     59.31 | elite     59.31 | best     59.31 | |sigma|  0.000 |  548.3s
[cem/score] gen 454 cap   200 | mean     57.97 | elite     57.97 | best     57.97 | |sigma|  0.000 |  549.5s
[cem/score] gen 455 cap   200 | mean     60.28 | elite     60.28 | best     60.28 | |sigma|  0.000 |  550.8s
[cem/score] gen 456 cap   200 | mean     62.81 | elite     62.81 | best     62.81 | |sigma|  0.000 |  552.1s
[cem/score] gen 457 cap   200 | mean     62.56 | elite     62.56 | best     62.56 | |sigma|  0.000 |  553.3s
[cem/score] gen 458 cap   200 | mean     56.48 | elite     56.48 | best     56.48 | |sigma|  0.000 |  554.6s
[cem/score] gen 459 cap   200 | mean     60.91 | elite     60.91 | best     60.91 | |sigma|  0.000 |  555.9s
[cem/score] gen 460 cap   200 | mean     60.47 | elite     60.47 | best     60.47 | |sigma|  0.000 |  557.2s
[cem/score] gen 461 cap   200 | mean     59.60 | elite     59.60 | best     59.60 | |sigma|  0.000 |  558.4s
[cem/score] gen 462 cap   200 | mean     63.38 | elite     63.38 | best     63.38 | |sigma|  0.000 |  559.7s
[cem/score] gen 463 cap   200 | mean     55.25 | elite     55.25 | best     55.25 | |sigma|  0.000 |  560.9s
[cem/score] gen 464 cap   200 | mean     58.66 | elite     58.66 | best     58.66 | |sigma|  0.000 |  562.3s
[cem/score] gen 465 cap   200 | mean     58.11 | elite     58.11 | best     58.11 | |sigma|  0.000 |  563.5s
[cem/score] gen 466 cap   200 | mean     59.75 | elite     59.75 | best     59.75 | |sigma|  0.000 |  564.7s
[cem/score] gen 467 cap   200 | mean     62.09 | elite     62.09 | best     62.09 | |sigma|  0.000 |  566.0s
[cem/score] gen 468 cap   200 | mean     60.22 | elite     60.22 | best     60.22 | |sigma|  0.000 |  567.2s
[cem/score] gen 469 cap   200 | mean     59.50 | elite     59.50 | best     59.50 | |sigma|  0.000 |  568.5s
[cem/score] gen 470 cap   200 | mean     60.28 | elite     60.28 | best     60.28 | |sigma|  0.000 |  570.0s
[cem/score] gen 471 cap   200 | mean     59.75 | elite     59.75 | best     59.75 | |sigma|  0.000 |  571.2s
[cem/score] gen 472 cap   200 | mean     56.59 | elite     56.59 | best     56.59 | |sigma|  0.000 |  572.5s
[cem/score] gen 473 cap   200 | mean     60.19 | elite     60.19 | best     60.19 | |sigma|  0.000 |  573.8s
[cem/score] gen 474 cap   200 | mean     57.07 | elite     57.07 | best     57.07 | |sigma|  0.000 |  575.0s
[cem/score] gen 475 cap   200 | mean     58.22 | elite     58.22 | best     58.22 | |sigma|  0.000 |  576.3s
[cem/score] gen 476 cap   200 | mean     59.22 | elite     59.22 | best     59.22 | |sigma|  0.000 |  577.6s
[cem/score] gen 477 cap   200 | mean     60.31 | elite     60.31 | best     60.31 | |sigma|  0.000 |  578.9s
[cem/score] gen 478 cap   200 | mean     62.88 | elite     62.88 | best     62.88 | |sigma|  0.000 |  580.2s
[cem/score] gen 479 cap   200 | mean     58.66 | elite     58.66 | best     58.66 | |sigma|  0.000 |  581.4s
[cem/score] gen 480 cap   200 | mean     59.53 | elite     59.53 | best     59.53 | |sigma|  0.000 |  582.7s
[cem/score] gen 481 cap   200 | mean     58.38 | elite     58.38 | best     58.38 | |sigma|  0.000 |  584.0s
[cem/score] gen 482 cap   200 | mean     61.72 | elite     61.72 | best     61.72 | |sigma|  0.000 |  585.3s
[cem/score] gen 483 cap   200 | mean     61.40 | elite     61.40 | best     61.40 | |sigma|  0.000 |  586.5s
[cem/score] gen 484 cap   200 | mean     60.75 | elite     60.75 | best     60.75 | |sigma|  0.000 |  587.7s
[cem/score] gen 485 cap   200 | mean     59.30 | elite     59.30 | best     59.30 | |sigma|  0.000 |  589.0s
[cem/score] gen 486 cap   200 | mean     53.34 | elite     53.34 | best     53.34 | |sigma|  0.000 |  590.1s
[cem/score] gen 487 cap   200 | mean     62.94 | elite     62.94 | best     62.94 | |sigma|  0.000 |  591.4s
[cem/score] gen 488 cap   200 | mean     57.90 | elite     57.90 | best     57.90 | |sigma|  0.000 |  592.6s
[cem/score] gen 489 cap   200 | mean     59.44 | elite     59.44 | best     59.44 | |sigma|  0.000 |  593.9s
[cem/score] gen 490 cap   200 | mean     60.00 | elite     60.00 | best     60.00 | |sigma|  0.000 |  595.1s
[cem/score] gen 491 cap   200 | mean     59.34 | elite     59.34 | best     59.34 | |sigma|  0.000 |  596.4s
[cem/score] gen 492 cap   200 | mean     61.19 | elite     61.19 | best     61.19 | |sigma|  0.000 |  597.7s
[cem/score] gen 493 cap   200 | mean     59.91 | elite     59.91 | best     59.91 | |sigma|  0.000 |  599.0s
[cem/score] gen 494 cap   200 | mean     61.66 | elite     61.66 | best     61.66 | |sigma|  0.000 |  600.2s
[cem/score] gen 495 cap   200 | mean     58.41 | elite     58.41 | best     58.41 | |sigma|  0.000 |  601.5s
[cem/score] gen 496 cap   200 | mean     58.75 | elite     58.75 | best     58.75 | |sigma|  0.000 |  602.7s
[cem/score] gen 497 cap   200 | mean     58.97 | elite     58.97 | best     58.97 | |sigma|  0.000 |  604.0s
[cem/score] gen 498 cap   200 | mean     62.00 | elite     62.00 | best     62.00 | |sigma|  0.000 |  605.2s
[cem/score] gen 499 cap   200 | mean     63.00 | elite     63.00 | best     63.00 | |sigma|  0.000 |  606.5s
[cem/score] gen 500 cap   500 | mean     64.88 | elite     64.88 | best     64.88 | |sigma|  0.000 |  609.4s
[cem/score] gen 501 cap   500 | mean     60.22 | elite     60.22 | best     60.22 | |sigma|  0.000 |  611.5s
[cem/score] gen 502 cap   500 | mean     63.64 | elite     63.64 | best     63.64 | |sigma|  0.000 |  614.5s
[cem/score] gen 503 cap   500 | mean     61.39 | elite     61.39 | best     61.39 | |sigma|  0.000 |  617.3s
[cem/score] gen 504 cap   500 | mean     59.72 | elite     59.72 | best     59.72 | |sigma|  0.000 |  620.1s
[cem/score] gen 505 cap   500 | mean     62.26 | elite     62.26 | best     62.26 | |sigma|  0.000 |  622.9s
[cem/score] gen 506 cap   500 | mean     60.79 | elite     60.79 | best     60.79 | |sigma|  0.000 |  625.5s
[cem/score] gen 507 cap   500 | mean     60.12 | elite     60.12 | best     60.12 | |sigma|  0.000 |  628.0s
[cem/score] gen 508 cap   500 | mean     62.58 | elite     62.58 | best     62.58 | |sigma|  0.000 |  631.2s
[cem/score] gen 509 cap   500 | mean     59.18 | elite     59.18 | best     59.18 | |sigma|  0.000 |  633.6s
[cem/score] gen 510 cap   500 | mean     59.28 | elite     59.28 | best     59.28 | |sigma|  0.000 |  635.9s
[cem/score] gen 511 cap   500 | mean     64.14 | elite     64.14 | best     64.14 | |sigma|  0.000 |  638.8s
[cem/score] gen 512 cap   500 | mean     63.59 | elite     63.59 | best     63.59 | |sigma|  0.000 |  641.6s
[cem/score] gen 513 cap   500 | mean     59.35 | elite     59.35 | best     59.35 | |sigma|  0.000 |  643.9s
[cem/score] gen 514 cap   500 | mean     61.94 | elite     61.94 | best     61.94 | |sigma|  0.000 |  646.4s
[cem/score] gen 515 cap   500 | mean     60.96 | elite     60.96 | best     60.96 | |sigma|  0.000 |  648.9s
[cem/score] gen 516 cap   500 | mean     62.81 | elite     62.81 | best     62.81 | |sigma|  0.000 |  651.9s
[cem/score] gen 517 cap   500 | mean     62.23 | elite     62.23 | best     62.23 | |sigma|  0.000 |  654.8s
[cem/score] gen 518 cap   500 | mean     62.23 | elite     62.23 | best     62.23 | |sigma|  0.000 |  657.5s
[cem/score] gen 519 cap   500 | mean     63.33 | elite     63.33 | best     63.33 | |sigma|  0.000 |  660.9s
[cem/score] gen 520 cap   500 | mean     62.18 | elite     62.18 | best     62.18 | |sigma|  0.000 |  664.0s
[cem/score] gen 521 cap   500 | mean     62.53 | elite     62.53 | best     62.53 | |sigma|  0.000 |  668.6s
[cem/score] gen 522 cap   500 | mean     60.71 | elite     60.71 | best     60.71 | |sigma|  0.000 |  673.7s
[cem/score] gen 523 cap   500 | mean     61.57 | elite     61.57 | best     61.57 | |sigma|  0.000 |  679.5s
[cem/score] gen 524 cap   500 | mean     62.94 | elite     62.94 | best     62.94 | |sigma|  0.000 |  686.3s
[cem/score] gen 525 cap   500 | mean     58.67 | elite     58.67 | best     58.67 | |sigma|  0.000 |  689.2s
[cem/score] gen 526 cap   500 | mean     61.30 | elite     61.30 | best     61.30 | |sigma|  0.000 |  692.1s
[cem/score] gen 527 cap   500 | mean     60.09 | elite     60.09 | best     60.09 | |sigma|  0.000 |  694.8s
[cem/score] gen 528 cap   500 | mean     60.73 | elite     60.73 | best     60.73 | |sigma|  0.000 |  697.4s
[cem/score] gen 529 cap   500 | mean     61.29 | elite     61.29 | best     61.29 | |sigma|  0.000 |  700.1s
[cem/score] gen 530 cap   500 | mean     62.97 | elite     62.97 | best     62.97 | |sigma|  0.000 |  703.0s
[cem/score] gen 531 cap   500 | mean     60.03 | elite     60.03 | best     60.03 | |sigma|  0.000 |  705.3s
[cem/score] gen 532 cap   500 | mean     59.40 | elite     59.40 | best     59.40 | |sigma|  0.000 |  707.3s
[cem/score] gen 533 cap   500 | mean     56.20 | elite     56.20 | best     56.20 | |sigma|  0.000 |  709.6s
[cem/score] gen 534 cap   500 | mean     60.90 | elite     60.90 | best     60.90 | |sigma|  0.000 |  712.4s
[cem/score] gen 535 cap   500 | mean     58.49 | elite     58.49 | best     58.49 | |sigma|  0.000 |  714.7s
[cem/score] gen 536 cap   500 | mean     61.94 | elite     61.94 | best     61.94 | |sigma|  0.000 |  717.2s
[cem/score] gen 537 cap   500 | mean     61.43 | elite     61.43 | best     61.43 | |sigma|  0.000 |  719.8s
[cem/score] gen 538 cap   500 | mean     57.71 | elite     57.71 | best     57.71 | |sigma|  0.000 |  722.0s
[cem/score] gen 539 cap   500 | mean     63.36 | elite     63.36 | best     63.36 | |sigma|  0.000 |  724.8s
[cem/score] gen 540 cap   500 | mean     60.69 | elite     60.69 | best     60.69 | |sigma|  0.000 |  727.5s
[cem/score] gen 541 cap   500 | mean     62.17 | elite     62.17 | best     62.17 | |sigma|  0.000 |  730.7s
[cem/score] gen 542 cap   500 | mean     63.16 | elite     63.16 | best     63.16 | |sigma|  0.000 |  733.6s
[cem/score] gen 543 cap   500 | mean     62.09 | elite     62.09 | best     62.09 | |sigma|  0.000 |  736.1s
[cem/score] gen 544 cap   500 | mean     59.82 | elite     59.82 | best     59.82 | |sigma|  0.000 |  738.5s
[cem/score] gen 545 cap   500 | mean     60.43 | elite     60.43 | best     60.43 | |sigma|  0.000 |  741.0s
[cem/score] gen 546 cap   500 | mean     62.06 | elite     62.06 | best     62.06 | |sigma|  0.000 |  743.6s
[cem/score] gen 547 cap   500 | mean     61.81 | elite     61.81 | best     61.81 | |sigma|  0.000 |  746.4s
[cem/score] gen 548 cap   500 | mean     60.58 | elite     60.58 | best     60.58 | |sigma|  0.000 |  748.9s
[cem/score] gen 549 cap   500 | mean     65.44 | elite     65.44 | best     65.44 | |sigma|  0.000 |  751.9s
[cem/score] gen 550 cap   500 | mean     60.84 | elite     60.84 | best     60.84 | |sigma|  0.000 |  754.3s
[cem/score] gen 551 cap   500 | mean     60.60 | elite     60.60 | best     60.60 | |sigma|  0.000 |  757.1s
[cem/score] gen 552 cap   500 | mean     57.61 | elite     57.61 | best     57.61 | |sigma|  0.000 |  759.5s
[cem/score] gen 553 cap   500 | mean     63.08 | elite     63.08 | best     63.08 | |sigma|  0.000 |  762.1s
[cem/score] gen 554 cap   500 | mean     63.03 | elite     63.03 | best     63.03 | |sigma|  0.000 |  764.9s
[cem/score] gen 555 cap   500 | mean     64.98 | elite     64.98 | best     64.98 | |sigma|  0.000 |  768.0s
[cem/score] gen 556 cap   500 | mean     60.71 | elite     60.71 | best     60.71 | |sigma|  0.000 |  770.8s
[cem/score] gen 557 cap   500 | mean     63.47 | elite     63.47 | best     63.47 | |sigma|  0.000 |  773.7s
[cem/score] gen 558 cap   500 | mean     59.50 | elite     59.50 | best     59.50 | |sigma|  0.000 |  776.4s
[cem/score] gen 559 cap   500 | mean     63.59 | elite     63.59 | best     63.59 | |sigma|  0.000 |  779.2s
[cem/score] gen 560 cap   500 | mean     50.25 | elite     50.25 | best     50.25 | |sigma|  0.000 |  781.2s
[cem/score] gen 561 cap   500 | mean     57.75 | elite     57.75 | best     57.75 | |sigma|  0.000 |  783.8s
[cem/score] gen 562 cap   500 | mean     63.83 | elite     63.83 | best     63.83 | |sigma|  0.000 |  786.5s
[cem/score] gen 563 cap   500 | mean     63.35 | elite     63.35 | best     63.35 | |sigma|  0.000 |  789.3s
[cem/score] gen 564 cap   500 | mean     60.21 | elite     60.21 | best     60.21 | |sigma|  0.000 |  791.8s
[cem/score] gen 565 cap   500 | mean     62.08 | elite     62.08 | best     62.08 | |sigma|  0.000 |  794.6s
[cem/score] gen 566 cap   500 | mean     59.82 | elite     59.82 | best     59.82 | |sigma|  0.000 |  797.2s
[cem/score] gen 567 cap   500 | mean     62.11 | elite     62.11 | best     62.11 | |sigma|  0.000 |  800.0s
[cem/score] gen 568 cap   500 | mean     57.75 | elite     57.75 | best     57.75 | |sigma|  0.000 |  802.1s
[cem/score] gen 569 cap   500 | mean     58.80 | elite     58.80 | best     58.80 | |sigma|  0.000 |  804.4s
[cem/score] gen 570 cap   500 | mean     62.08 | elite     62.08 | best     62.08 | |sigma|  0.000 |  806.9s
[cem/score] gen 571 cap   500 | mean     58.84 | elite     58.84 | best     58.84 | |sigma|  0.000 |  809.0s
[cem/score] gen 572 cap   500 | mean     62.35 | elite     62.35 | best     62.35 | |sigma|  0.000 |  811.7s
[cem/score] gen 573 cap   500 | mean     63.88 | elite     63.88 | best     63.88 | |sigma|  0.000 |  814.5s
[cem/score] gen 574 cap   500 | mean     60.33 | elite     60.33 | best     60.33 | |sigma|  0.000 |  816.8s
[cem/score] gen 575 cap   500 | mean     60.94 | elite     60.94 | best     60.94 | |sigma|  0.000 |  819.5s
[cem/score] gen 576 cap   500 | mean     63.82 | elite     63.82 | best     63.82 | |sigma|  0.000 |  822.6s
[cem/score] gen 577 cap   500 | mean     58.40 | elite     58.40 | best     58.40 | |sigma|  0.000 |  824.8s
[cem/score] gen 578 cap   500 | mean     60.66 | elite     60.66 | best     60.66 | |sigma|  0.000 |  827.4s
[cem/score] gen 579 cap   500 | mean     63.05 | elite     63.05 | best     63.05 | |sigma|  0.000 |  830.2s
[cem/score] gen 580 cap   500 | mean     60.62 | elite     60.62 | best     60.62 | |sigma|  0.000 |  832.6s
[cem/score] gen 581 cap   500 | mean     63.13 | elite     63.13 | best     63.13 | |sigma|  0.000 |  835.2s
[cem/score] gen 582 cap   500 | mean     63.50 | elite     63.50 | best     63.50 | |sigma|  0.000 |  838.0s
[cem/score] gen 583 cap   500 | mean     63.66 | elite     63.66 | best     63.66 | |sigma|  0.000 |  840.8s
[cem/score] gen 584 cap   500 | mean     60.27 | elite     60.27 | best     60.27 | |sigma|  0.000 |  843.3s
[cem/score] gen 585 cap   500 | mean     61.03 | elite     61.03 | best     61.03 | |sigma|  0.000 |  846.0s
[cem/score] gen 586 cap   500 | mean     60.84 | elite     60.84 | best     60.84 | |sigma|  0.000 |  848.7s
[cem/score] gen 587 cap   500 | mean     59.27 | elite     59.27 | best     59.27 | |sigma|  0.000 |  851.2s
[cem/score] gen 588 cap   500 | mean     59.69 | elite     59.69 | best     59.69 | |sigma|  0.000 |  853.7s
[cem/score] gen 589 cap   500 | mean     59.44 | elite     59.44 | best     59.44 | |sigma|  0.000 |  856.2s
[cem/score] gen 590 cap   500 | mean     58.56 | elite     58.56 | best     58.56 | |sigma|  0.000 |  858.2s
[cem/score] gen 591 cap   500 | mean     61.03 | elite     61.03 | best     61.03 | |sigma|  0.000 |  860.6s
[cem/score] gen 592 cap   500 | mean     61.35 | elite     61.35 | best     61.35 | |sigma|  0.000 |  863.1s
[cem/score] gen 593 cap   500 | mean     62.47 | elite     62.47 | best     62.47 | |sigma|  0.000 |  865.9s
[cem/score] gen 594 cap   500 | mean     60.70 | elite     60.70 | best     60.70 | |sigma|  0.000 |  868.4s
[cem/score] gen 595 cap   500 | mean     60.09 | elite     60.09 | best     60.09 | |sigma|  0.000 |  871.1s
[cem/score] gen 596 cap   500 | mean     63.66 | elite     63.66 | best     63.66 | |sigma|  0.000 |  874.3s
[cem/score] gen 597 cap   500 | mean     60.91 | elite     60.91 | best     60.91 | |sigma|  0.000 |  876.9s
[cem/score] gen 598 cap   500 | mean     64.06 | elite     64.06 | best     64.06 | |sigma|  0.000 |  879.6s
[cem/score] gen 599 cap   500 | mean     62.69 | elite     62.69 | best     62.69 | |sigma|  0.000 |  882.4s
[cem/score] gen 600 cap   500 | mean     63.73 | elite     63.73 | best     63.73 | |sigma|  0.000 |  885.3s
[cem/score] gen 601 cap   500 | mean     59.49 | elite     59.49 | best     59.49 | |sigma|  0.000 |  887.7s
[cem/score] gen 602 cap   500 | mean     60.72 | elite     60.72 | best     60.72 | |sigma|  0.000 |  890.1s
[cem/score] gen 603 cap   500 | mean     62.08 | elite     62.08 | best     62.08 | |sigma|  0.000 |  893.1s
[cem/score] gen 604 cap   500 | mean     63.33 | elite     63.33 | best     63.33 | |sigma|  0.000 |  896.0s
[cem/score] gen 605 cap   500 | mean     62.93 | elite     62.93 | best     62.93 | |sigma|  0.000 |  898.7s
[cem/score] gen 606 cap   500 | mean     56.82 | elite     56.82 | best     56.82 | |sigma|  0.000 |  901.1s
[cem/score] gen 607 cap   500 | mean     64.88 | elite     64.88 | best     64.88 | |sigma|  0.000 |  903.9s
[cem/score] gen 608 cap   500 | mean     62.15 | elite     62.15 | best     62.15 | |sigma|  0.000 |  906.6s
[cem/score] gen 609 cap   500 | mean     62.16 | elite     62.16 | best     62.16 | |sigma|  0.000 |  909.3s
[cem/score] gen 610 cap   500 | mean     61.10 | elite     61.10 | best     61.10 | |sigma|  0.000 |  911.9s
[cem/score] gen 611 cap   500 | mean     61.84 | elite     61.84 | best     61.84 | |sigma|  0.000 |  914.6s
[cem/score] gen 612 cap   500 | mean     58.24 | elite     58.24 | best     58.24 | |sigma|  0.000 |  917.0s
[cem/score] gen 613 cap   500 | mean     59.49 | elite     59.49 | best     59.49 | |sigma|  0.000 |  919.5s
[cem/score] gen 614 cap   500 | mean     59.96 | elite     59.96 | best     59.96 | |sigma|  0.000 |  922.1s
[cem/score] gen 615 cap   500 | mean     60.57 | elite     60.57 | best     60.57 | |sigma|  0.000 |  924.8s
[cem/score] gen 616 cap   500 | mean     63.13 | elite     63.13 | best     63.13 | |sigma|  0.000 |  927.8s
[cem/score] gen 617 cap   500 | mean     62.98 | elite     62.98 | best     62.98 | |sigma|  0.000 |  930.8s
[cem/score] gen 618 cap   500 | mean     59.93 | elite     59.93 | best     59.93 | |sigma|  0.000 |  933.2s
[cem/score] gen 619 cap   500 | mean     62.30 | elite     62.30 | best     62.30 | |sigma|  0.000 |  935.9s
[cem/score] gen 620 cap   500 | mean     59.44 | elite     59.44 | best     59.44 | |sigma|  0.000 |  938.9s
[cem/score] gen 621 cap   500 | mean     60.64 | elite     60.64 | best     60.64 | |sigma|  0.000 |  941.5s
[cem/score] gen 622 cap   500 | mean     62.55 | elite     62.55 | best     62.55 | |sigma|  0.000 |  944.1s
[cem/score] gen 623 cap   500 | mean     60.58 | elite     60.58 | best     60.58 | |sigma|  0.000 |  946.5s
[cem/score] gen 624 cap   500 | mean     62.93 | elite     62.93 | best     62.93 | |sigma|  0.000 |  949.1s
[cem/score] gen 625 cap   500 | mean     55.09 | elite     55.09 | best     55.09 | |sigma|  0.000 |  951.2s
[cem/score] gen 626 cap   500 | mean     61.97 | elite     61.97 | best     61.97 | |sigma|  0.000 |  953.8s
[cem/score] gen 627 cap   500 | mean     61.43 | elite     61.43 | best     61.43 | |sigma|  0.000 |  956.5s
[cem/score] gen 628 cap   500 | mean     62.86 | elite     62.86 | best     62.86 | |sigma|  0.000 |  959.4s
[cem/score] gen 629 cap   500 | mean     64.13 | elite     64.13 | best     64.13 | |sigma|  0.000 |  962.2s
[cem/score] gen 630 cap   500 | mean     60.59 | elite     60.59 | best     60.59 | |sigma|  0.000 |  964.7s
[cem/score] gen 631 cap   500 | mean     62.69 | elite     62.69 | best     62.69 | |sigma|  0.000 |  967.5s
[cem/score] gen 632 cap   500 | mean     64.46 | elite     64.46 | best     64.46 | |sigma|  0.000 |  970.4s
[cem/score] gen 633 cap   500 | mean     60.29 | elite     60.29 | best     60.29 | |sigma|  0.000 |  973.0s
[cem/score] gen 634 cap   500 | mean     63.02 | elite     63.02 | best     63.02 | |sigma|  0.000 |  975.7s
[cem/score] gen 635 cap   500 | mean     58.43 | elite     58.43 | best     58.43 | |sigma|  0.000 |  978.2s
[cem/score] gen 636 cap   500 | mean     58.68 | elite     58.68 | best     58.68 | |sigma|  0.000 |  980.5s
[cem/score] gen 637 cap   500 | mean     62.85 | elite     62.85 | best     62.85 | |sigma|  0.000 |  983.3s
[cem/score] gen 638 cap   500 | mean     59.99 | elite     59.99 | best     59.99 | |sigma|  0.000 |  985.8s
[cem/score] gen 639 cap   500 | mean     61.94 | elite     61.94 | best     61.94 | |sigma|  0.000 |  988.4s
[cem/score] gen 640 cap   500 | mean     64.62 | elite     64.62 | best     64.62 | |sigma|  0.000 |  991.3s
[cem/score] gen 641 cap   500 | mean     63.54 | elite     63.54 | best     63.54 | |sigma|  0.000 |  994.4s
[cem/score] gen 642 cap   500 | mean     62.41 | elite     62.41 | best     62.41 | |sigma|  0.000 |  997.0s
[cem/score] gen 643 cap   500 | mean     63.17 | elite     63.17 | best     63.17 | |sigma|  0.000 | 1000.0s
[cem/score] gen 644 cap   500 | mean     60.27 | elite     60.27 | best     60.27 | |sigma|  0.000 | 1002.5s
[cem/score] gen 645 cap   500 | mean     60.43 | elite     60.43 | best     60.43 | |sigma|  0.000 | 1005.0s
[cem/score] gen 646 cap   500 | mean     57.71 | elite     57.71 | best     57.71 | |sigma|  0.000 | 1007.3s
[cem/score] gen 647 cap   500 | mean     57.36 | elite     57.36 | best     57.36 | |sigma|  0.000 | 1009.8s
[cem/score] gen 648 cap   500 | mean     59.89 | elite     59.89 | best     59.89 | |sigma|  0.000 | 1012.3s
[cem/score] gen 649 cap   500 | mean     59.21 | elite     59.21 | best     59.21 | |sigma|  0.000 | 1014.7s
[cem/score] gen 650 cap   500 | mean     62.40 | elite     62.40 | best     62.40 | |sigma|  0.000 | 1017.4s
[cem/score] gen 651 cap   500 | mean     58.74 | elite     58.74 | best     58.74 | |sigma|  0.000 | 1020.0s
[cem/score] gen 652 cap   500 | mean     63.00 | elite     63.00 | best     63.00 | |sigma|  0.000 | 1022.7s
[cem/score] gen 653 cap   500 | mean     58.55 | elite     58.55 | best     58.55 | |sigma|  0.000 | 1024.9s
[cem/score] gen 654 cap   500 | mean     63.82 | elite     63.83 | best     63.83 | |sigma|  0.000 | 1027.7s
[cem/score] gen 655 cap   500 | mean     62.83 | elite     62.83 | best     62.83 | |sigma|  0.000 | 1030.2s
[cem/score] gen 656 cap   500 | mean     62.27 | elite     62.27 | best     62.27 | |sigma|  0.000 | 1032.8s
[cem/score] gen 657 cap   500 | mean     62.03 | elite     62.03 | best     62.03 | |sigma|  0.000 | 1035.7s
[cem/score] gen 658 cap   500 | mean     60.84 | elite     60.84 | best     60.84 | |sigma|  0.000 | 1038.1s
[cem/score] gen 659 cap   500 | mean     58.63 | elite     58.63 | best     58.63 | |sigma|  0.000 | 1040.2s
[cem/score] gen 660 cap   500 | mean     61.25 | elite     61.25 | best     61.25 | |sigma|  0.000 | 1042.5s
[cem/score] gen 661 cap   500 | mean     60.77 | elite     60.77 | best     60.77 | |sigma|  0.000 | 1045.0s
[cem/score] gen 662 cap   500 | mean     60.83 | elite     60.83 | best     60.83 | |sigma|  0.000 | 1047.4s
[cem/score] gen 663 cap   500 | mean     60.12 | elite     60.12 | best     60.12 | |sigma|  0.000 | 1049.7s
[cem/score] gen 664 cap   500 | mean     61.20 | elite     61.20 | best     61.20 | |sigma|  0.000 | 1052.0s
[cem/score] gen 665 cap   500 | mean     58.74 | elite     58.74 | best     58.74 | |sigma|  0.000 | 1054.1s
[cem/score] gen 666 cap   500 | mean     60.51 | elite     60.51 | best     60.51 | |sigma|  0.000 | 1056.7s
[cem/score] gen 667 cap   500 | mean     58.59 | elite     58.59 | best     58.59 | |sigma|  0.000 | 1058.9s
[cem/score] gen 668 cap   500 | mean     59.46 | elite     59.46 | best     59.46 | |sigma|  0.000 | 1061.3s
[cem/score] gen 669 cap   500 | mean     57.40 | elite     57.40 | best     57.40 | |sigma|  0.000 | 1063.2s
[cem/score] gen 670 cap   500 | mean     64.32 | elite     64.32 | best     64.32 | |sigma|  0.000 | 1065.9s
[cem/score] gen 671 cap   500 | mean     62.94 | elite     62.94 | best     62.94 | |sigma|  0.000 | 1068.6s
[cem/score] gen 672 cap   500 | mean     62.69 | elite     62.69 | best     62.69 | |sigma|  0.000 | 1071.2s
[cem/score] gen 673 cap   500 | mean     60.22 | elite     60.22 | best     60.22 | |sigma|  0.000 | 1073.6s
[cem/score] gen 674 cap   500 | mean     63.48 | elite     63.48 | best     63.48 | |sigma|  0.000 | 1076.4s
[cem/score] gen 675 cap   500 | mean     60.27 | elite     60.27 | best     60.27 | |sigma|  0.000 | 1078.7s
[cem/score] gen 676 cap   500 | mean     62.07 | elite     62.07 | best     62.07 | |sigma|  0.000 | 1081.3s
[cem/score] gen 677 cap   500 | mean     59.50 | elite     59.50 | best     59.50 | |sigma|  0.000 | 1083.8s
[cem/score] gen 678 cap   500 | mean     61.40 | elite     61.40 | best     61.40 | |sigma|  0.000 | 1086.4s
[cem/score] gen 679 cap   500 | mean     61.46 | elite     61.46 | best     61.46 | |sigma|  0.000 | 1088.9s
[cem/score] gen 680 cap   500 | mean     60.57 | elite     60.57 | best     60.57 | |sigma|  0.000 | 1091.3s
[cem/score] gen 681 cap   500 | mean     65.12 | elite     65.12 | best     65.12 | |sigma|  0.000 | 1094.2s
[cem/score] gen 682 cap   500 | mean     62.83 | elite     62.83 | best     62.83 | |sigma|  0.000 | 1097.0s
[cem/score] gen 683 cap   500 | mean     60.71 | elite     60.71 | best     60.71 | |sigma|  0.000 | 1099.4s
[cem/score] gen 684 cap   500 | mean     63.00 | elite     63.00 | best     63.00 | |sigma|  0.000 | 1101.9s
[cem/score] gen 685 cap   500 | mean     62.98 | elite     62.98 | best     62.98 | |sigma|  0.000 | 1104.5s
[cem/score] gen 686 cap   500 | mean     62.00 | elite     62.00 | best     62.00 | |sigma|  0.000 | 1107.0s
[cem/score] gen 687 cap   500 | mean     63.62 | elite     63.62 | best     63.62 | |sigma|  0.000 | 1109.9s
[cem/score] gen 688 cap   500 | mean     63.94 | elite     63.94 | best     63.94 | |sigma|  0.000 | 1112.7s
[cem/score] gen 689 cap   500 | mean     62.01 | elite     62.01 | best     62.01 | |sigma|  0.000 | 1115.2s
[cem/score] gen 690 cap   500 | mean     60.67 | elite     60.67 | best     60.67 | |sigma|  0.000 | 1117.7s
[cem/score] gen 691 cap   500 | mean     60.41 | elite     60.41 | best     60.41 | |sigma|  0.000 | 1120.0s
[cem/score] gen 692 cap   500 | mean     59.75 | elite     59.75 | best     59.75 | |sigma|  0.000 | 1122.1s
[cem/score] gen 693 cap   500 | mean     63.63 | elite     63.63 | best     63.63 | |sigma|  0.000 | 1124.9s
[cem/score] gen 694 cap   500 | mean     63.58 | elite     63.58 | best     63.58 | |sigma|  0.000 | 1127.6s
[cem/score] gen 695 cap   500 | mean     60.02 | elite     60.02 | best     60.02 | |sigma|  0.000 | 1129.8s
[cem/score] gen 696 cap   500 | mean     61.46 | elite     61.46 | best     61.46 | |sigma|  0.000 | 1132.4s
[cem/score] gen 697 cap   500 | mean     59.13 | elite     59.13 | best     59.13 | |sigma|  0.000 | 1134.9s
[cem/score] gen 698 cap   500 | mean     60.33 | elite     60.33 | best     60.33 | |sigma|  0.000 | 1137.3s
[cem/score] gen 699 cap   500 | mean     63.61 | elite     63.61 | best     63.61 | |sigma|  0.000 | 1140.0s
[cem/score] gen 700 cap   500 | mean     61.86 | elite     61.86 | best     61.86 | |sigma|  0.000 | 1142.5s
[cem/score] gen 701 cap   500 | mean     58.89 | elite     58.89 | best     58.89 | |sigma|  0.000 | 1144.8s
[cem/score] gen 702 cap   500 | mean     62.22 | elite     62.22 | best     62.22 | |sigma|  0.000 | 1147.3s
[cem/score] gen 703 cap   500 | mean     62.00 | elite     62.00 | best     62.00 | |sigma|  0.000 | 1149.8s
[cem/score] gen 704 cap   500 | mean     64.23 | elite     64.23 | best     64.23 | |sigma|  0.000 | 1152.7s
[cem/score] gen 705 cap   500 | mean     59.85 | elite     59.85 | best     59.85 | |sigma|  0.000 | 1155.0s
[cem/score] gen 706 cap   500 | mean     61.53 | elite     61.53 | best     61.53 | |sigma|  0.000 | 1157.5s
[cem/score] gen 707 cap   500 | mean     64.59 | elite     64.59 | best     64.59 | |sigma|  0.000 | 1160.3s
[cem/score] gen 708 cap   500 | mean     63.03 | elite     63.03 | best     63.03 | |sigma|  0.000 | 1163.0s
[cem/score] gen 709 cap   500 | mean     64.70 | elite     64.70 | best     64.70 | |sigma|  0.000 | 1165.8s
[cem/score] gen 710 cap   500 | mean     62.87 | elite     62.87 | best     62.87 | |sigma|  0.000 | 1168.7s
[cem/score] gen 711 cap   500 | mean     59.77 | elite     59.77 | best     59.77 | |sigma|  0.000 | 1171.0s
[cem/score] gen 712 cap   500 | mean     54.62 | elite     54.62 | best     54.62 | |sigma|  0.000 | 1173.1s
[cem/score] gen 713 cap   500 | mean     60.32 | elite     60.32 | best     60.32 | |sigma|  0.000 | 1175.6s
[cem/score] gen 714 cap   500 | mean     63.39 | elite     63.39 | best     63.39 | |sigma|  0.000 | 1178.5s
[cem/score] gen 715 cap   500 | mean     62.74 | elite     62.74 | best     62.74 | |sigma|  0.000 | 1181.1s
[cem/score] gen 716 cap   500 | mean     61.23 | elite     61.23 | best     61.23 | |sigma|  0.000 | 1183.5s
[cem/score] gen 717 cap   500 | mean     59.98 | elite     59.98 | best     59.98 | |sigma|  0.000 | 1185.8s
[cem/score] gen 718 cap   500 | mean     60.35 | elite     60.35 | best     60.35 | |sigma|  0.000 | 1188.3s
[cem/score] gen 719 cap   500 | mean     59.78 | elite     59.78 | best     59.78 | |sigma|  0.000 | 1191.1s
[cem/score] gen 720 cap   500 | mean     62.92 | elite     62.92 | best     62.92 | |sigma|  0.000 | 1193.9s
[cem/score] gen 721 cap   500 | mean     58.36 | elite     58.36 | best     58.36 | |sigma|  0.000 | 1196.3s
[cem/score] gen 722 cap   500 | mean     62.19 | elite     62.19 | best     62.19 | |sigma|  0.000 | 1199.0s
[cem/score] gen 723 cap   500 | mean     64.56 | elite     64.56 | best     64.56 | |sigma|  0.000 | 1201.9s
[cem/score] gen 724 cap   500 | mean     60.59 | elite     60.59 | best     60.59 | |sigma|  0.000 | 1204.4s
[cem/score] gen 725 cap   500 | mean     62.62 | elite     62.62 | best     62.62 | |sigma|  0.000 | 1207.1s
[cem/score] gen 726 cap   500 | mean     59.77 | elite     59.77 | best     59.77 | |sigma|  0.000 | 1209.6s
[cem/score] gen 727 cap   500 | mean     61.01 | elite     61.01 | best     61.01 | |sigma|  0.000 | 1212.1s
[cem/score] gen 728 cap   500 | mean     61.55 | elite     61.55 | best     61.55 | |sigma|  0.000 | 1214.6s
[cem/score] gen 729 cap   500 | mean     56.54 | elite     56.54 | best     56.54 | |sigma|  0.000 | 1216.8s
[cem/score] gen 730 cap   500 | mean     55.67 | elite     55.67 | best     55.67 | |sigma|  0.000 | 1218.7s
[cem/score] gen 731 cap   500 | mean     61.20 | elite     61.20 | best     61.20 | |sigma|  0.000 | 1221.0s
[cem/score] gen 732 cap   500 | mean     60.94 | elite     60.94 | best     60.94 | |sigma|  0.000 | 1223.5s
[cem/score] gen 733 cap   500 | mean     59.84 | elite     59.84 | best     59.84 | |sigma|  0.000 | 1226.1s
[cem/score] gen 734 cap   500 | mean     61.70 | elite     61.70 | best     61.70 | |sigma|  0.000 | 1229.1s
[cem/score] gen 735 cap   500 | mean     60.11 | elite     60.11 | best     60.11 | |sigma|  0.000 | 1231.5s
[cem/score] gen 736 cap   500 | mean     58.37 | elite     58.37 | best     58.37 | |sigma|  0.000 | 1233.9s
[cem/score] gen 737 cap   500 | mean     58.30 | elite     58.30 | best     58.30 | |sigma|  0.000 | 1236.2s
[cem/score] gen 738 cap   500 | mean     61.87 | elite     61.87 | best     61.87 | |sigma|  0.000 | 1238.7s
[cem/score] gen 739 cap   500 | mean     60.08 | elite     60.08 | best     60.08 | |sigma|  0.000 | 1241.3s
[cem/score] gen 740 cap   500 | mean     60.39 | elite     60.39 | best     60.39 | |sigma|  0.000 | 1243.8s
[cem/score] gen 741 cap   500 | mean     62.37 | elite     62.37 | best     62.37 | |sigma|  0.000 | 1246.5s
[cem/score] gen 742 cap   500 | mean     62.47 | elite     62.47 | best     62.47 | |sigma|  0.000 | 1249.5s
[cem/score] gen 743 cap   500 | mean     62.87 | elite     62.87 | best     62.87 | |sigma|  0.000 | 1252.3s
[cem/score] gen 744 cap   500 | mean     64.01 | elite     64.01 | best     64.01 | |sigma|  0.000 | 1255.1s
[cem/score] gen 745 cap   500 | mean     60.41 | elite     60.41 | best     60.41 | |sigma|  0.000 | 1257.5s
[cem/score] gen 746 cap   500 | mean     61.32 | elite     61.32 | best     61.32 | |sigma|  0.000 | 1260.2s
[cem/score] gen 747 cap   500 | mean     62.89 | elite     62.89 | best     62.89 | |sigma|  0.000 | 1263.0s
[cem/score] gen 748 cap   500 | mean     57.48 | elite     57.48 | best     57.48 | |sigma|  0.000 | 1265.2s
[cem/score] gen 749 cap   500 | mean     61.70 | elite     61.70 | best     61.70 | |sigma|  0.000 | 1267.6s
[cem/score] gen 750 cap   500 | mean     60.66 | elite     60.66 | best     60.66 | |sigma|  0.000 | 1270.3s
[cem/score] gen 751 cap   500 | mean     61.05 | elite     61.05 | best     61.05 | |sigma|  0.000 | 1272.9s
[cem/score] gen 752 cap   500 | mean     59.32 | elite     59.32 | best     59.32 | |sigma|  0.000 | 1275.3s
[cem/score] gen 753 cap   500 | mean     64.33 | elite     64.33 | best     64.33 | |sigma|  0.000 | 1278.1s
[cem/score] gen 754 cap   500 | mean     62.06 | elite     62.06 | best     62.06 | |sigma|  0.000 | 1280.6s
[cem/score] gen 755 cap   500 | mean     62.97 | elite     62.97 | best     62.97 | |sigma|  0.000 | 1283.2s
[cem/score] gen 756 cap   500 | mean     60.08 | elite     60.08 | best     60.08 | |sigma|  0.000 | 1285.7s
[cem/score] gen 757 cap   500 | mean     59.19 | elite     59.19 | best     59.19 | |sigma|  0.000 | 1288.1s
[cem/score] gen 758 cap   500 | mean     63.33 | elite     63.33 | best     63.33 | |sigma|  0.000 | 1290.8s
[cem/score] gen 759 cap   500 | mean     62.20 | elite     62.20 | best     62.20 | |sigma|  0.000 | 1293.5s
[cem/score] gen 760 cap   500 | mean     58.82 | elite     58.82 | best     58.82 | |sigma|  0.000 | 1295.7s
[cem/score] gen 761 cap   500 | mean     65.29 | elite     65.29 | best     65.29 | |sigma|  0.000 | 1298.6s
[cem/score] gen 762 cap   500 | mean     62.30 | elite     62.30 | best     62.30 | |sigma|  0.000 | 1301.5s
[cem/score] gen 763 cap   500 | mean     60.59 | elite     60.59 | best     60.59 | |sigma|  0.000 | 1304.0s
[cem/score] gen 764 cap   500 | mean     63.22 | elite     63.22 | best     63.22 | |sigma|  0.000 | 1306.8s
[cem/score] gen 765 cap   500 | mean     62.48 | elite     62.48 | best     62.48 | |sigma|  0.000 | 1309.8s
[cem/score] gen 766 cap   500 | mean     62.09 | elite     62.09 | best     62.09 | |sigma|  0.000 | 1312.5s
[cem/score] gen 767 cap   500 | mean     61.50 | elite     61.50 | best     61.50 | |sigma|  0.000 | 1314.9s
[cem/score] gen 768 cap   500 | mean     60.81 | elite     60.81 | best     60.81 | |sigma|  0.000 | 1317.6s
[cem/score] gen 769 cap   500 | mean     61.52 | elite     61.52 | best     61.52 | |sigma|  0.000 | 1320.3s
[cem/score] gen 770 cap   500 | mean     60.05 | elite     60.05 | best     60.05 | |sigma|  0.000 | 1322.8s
[cem/score] gen 771 cap   500 | mean     61.77 | elite     61.77 | best     61.77 | |sigma|  0.000 | 1325.4s
[cem/score] gen 772 cap   500 | mean     60.08 | elite     60.08 | best     60.08 | |sigma|  0.000 | 1327.9s
[cem/score] gen 773 cap   500 | mean     64.77 | elite     64.77 | best     64.77 | |sigma|  0.000 | 1330.8s
[cem/score] gen 774 cap   500 | mean     58.35 | elite     58.35 | best     58.35 | |sigma|  0.000 | 1333.2s
[cem/score] gen 775 cap   500 | mean     61.95 | elite     61.95 | best     61.95 | |sigma|  0.000 | 1336.0s
[cem/score] gen 776 cap   500 | mean     65.63 | elite     65.63 | best     65.63 | |sigma|  0.000 | 1339.0s
[cem/score] gen 777 cap   500 | mean     61.27 | elite     61.27 | best     61.27 | |sigma|  0.000 | 1341.8s
[cem/score] gen 778 cap   500 | mean     58.68 | elite     58.68 | best     58.68 | |sigma|  0.000 | 1343.9s
[cem/score] gen 779 cap   500 | mean     61.60 | elite     61.60 | best     61.60 | |sigma|  0.000 | 1346.7s
[cem/score] gen 780 cap   500 | mean     61.00 | elite     61.00 | best     61.00 | |sigma|  0.000 | 1349.3s
[cem/score] gen 781 cap   500 | mean     63.15 | elite     63.15 | best     63.15 | |sigma|  0.000 | 1352.3s
[cem/score] gen 782 cap   500 | mean     62.93 | elite     62.93 | best     62.93 | |sigma|  0.000 | 1355.1s
[cem/score] gen 783 cap   500 | mean     62.15 | elite     62.15 | best     62.15 | |sigma|  0.000 | 1357.9s
[cem/score] gen 784 cap   500 | mean     59.72 | elite     59.72 | best     59.72 | |sigma|  0.000 | 1360.5s
[cem/score] gen 785 cap   500 | mean     59.74 | elite     59.74 | best     59.74 | |sigma|  0.000 | 1363.0s
[cem/score] gen 786 cap   500 | mean     62.91 | elite     62.91 | best     62.91 | |sigma|  0.000 | 1365.8s
[cem/score] gen 787 cap   500 | mean     61.63 | elite     61.63 | best     61.63 | |sigma|  0.000 | 1368.5s
[cem/score] gen 788 cap   500 | mean     58.85 | elite     58.85 | best     58.85 | |sigma|  0.000 | 1370.8s
[cem/score] gen 789 cap   500 | mean     59.70 | elite     59.70 | best     59.70 | |sigma|  0.000 | 1373.2s
[cem/score] gen 790 cap   500 | mean     63.05 | elite     63.05 | best     63.05 | |sigma|  0.000 | 1376.3s
[cem/score] gen 791 cap   500 | mean     60.66 | elite     60.66 | best     60.66 | |sigma|  0.000 | 1378.7s
[cem/score] gen 792 cap   500 | mean     58.75 | elite     58.75 | best     58.75 | |sigma|  0.000 | 1381.4s
[cem/score] gen 793 cap   500 | mean     64.91 | elite     64.91 | best     64.91 | |sigma|  0.000 | 1384.4s
[cem/score] gen 794 cap   500 | mean     61.59 | elite     61.59 | best     61.59 | |sigma|  0.000 | 1387.1s
[cem/score] gen 795 cap   500 | mean     61.91 | elite     61.91 | best     61.91 | |sigma|  0.000 | 1389.7s
[cem/score] gen 796 cap   500 | mean     59.46 | elite     59.46 | best     59.46 | |sigma|  0.000 | 1392.0s
[cem/score] gen 797 cap   500 | mean     59.24 | elite     59.24 | best     59.24 | |sigma|  0.000 | 1394.9s
[cem/score] gen 798 cap   500 | mean     57.52 | elite     57.52 | best     57.52 | |sigma|  0.000 | 1397.4s
[cem/score] gen 799 cap   500 | mean     56.95 | elite     56.95 | best     56.95 | |sigma|  0.000 | 1399.5s
[cem/score] gen 800 cap   500 | mean     59.74 | elite     59.74 | best     59.74 | |sigma|  0.000 | 1401.6s
[cem/score] gen 801 cap   500 | mean     61.73 | elite     61.73 | best     61.73 | |sigma|  0.000 | 1404.1s
[cem/score] gen 802 cap   500 | mean     58.68 | elite     58.68 | best     58.68 | |sigma|  0.000 | 1406.3s
[cem/score] gen 803 cap   500 | mean     63.01 | elite     63.01 | best     63.01 | |sigma|  0.000 | 1409.1s
[cem/score] gen 804 cap   500 | mean     60.13 | elite     60.13 | best     60.13 | |sigma|  0.000 | 1411.8s
[cem/score] gen 805 cap   500 | mean     57.33 | elite     57.33 | best     57.33 | |sigma|  0.000 | 1414.3s
[cem/score] gen 806 cap   500 | mean     57.16 | elite     57.16 | best     57.16 | |sigma|  0.000 | 1416.7s
[cem/score] gen 807 cap   500 | mean     61.59 | elite     61.59 | best     61.59 | |sigma|  0.000 | 1419.9s
[cem/score] gen 808 cap   500 | mean     61.31 | elite     61.31 | best     61.31 | |sigma|  0.000 | 1422.4s
[cem/score] gen 809 cap   500 | mean     59.61 | elite     59.61 | best     59.61 | |sigma|  0.000 | 1424.6s
[cem/score] gen 810 cap   500 | mean     61.52 | elite     61.52 | best     61.52 | |sigma|  0.000 | 1427.1s
[cem/score] gen 811 cap   500 | mean     63.65 | elite     63.65 | best     63.65 | |sigma|  0.000 | 1430.1s
[cem/score] gen 812 cap   500 | mean     63.21 | elite     63.21 | best     63.21 | |sigma|  0.000 | 1433.3s
[cem/score] gen 813 cap   500 | mean     62.10 | elite     62.10 | best     62.10 | |sigma|  0.000 | 1436.0s
[cem/score] gen 814 cap   500 | mean     58.68 | elite     58.68 | best     58.68 | |sigma|  0.000 | 1438.2s
[cem/score] gen 815 cap   500 | mean     62.90 | elite     62.90 | best     62.90 | |sigma|  0.000 | 1440.7s
[cem/score] gen 816 cap   500 | mean     64.44 | elite     64.44 | best     64.44 | |sigma|  0.000 | 1443.5s
[cem/score] gen 817 cap   500 | mean     63.38 | elite     63.38 | best     63.38 | |sigma|  0.000 | 1446.3s
[cem/score] gen 818 cap   500 | mean     62.98 | elite     62.98 | best     62.98 | |sigma|  0.000 | 1449.1s
[cem/score] gen 819 cap   500 | mean     60.45 | elite     60.45 | best     60.45 | |sigma|  0.000 | 1451.4s
[cem/score] gen 820 cap   500 | mean     62.37 | elite     62.37 | best     62.37 | |sigma|  0.000 | 1454.0s
[cem/score] gen 821 cap   500 | mean     63.51 | elite     63.51 | best     63.51 | |sigma|  0.000 | 1456.6s
[cem/score] gen 822 cap   500 | mean     60.47 | elite     60.47 | best     60.47 | |sigma|  0.000 | 1459.0s
[cem/score] gen 823 cap   500 | mean     61.64 | elite     61.64 | best     61.64 | |sigma|  0.000 | 1461.2s
[cem/score] gen 824 cap   500 | mean     61.15 | elite     61.15 | best     61.15 | |sigma|  0.000 | 1464.1s
[cem/score] gen 825 cap   500 | mean     58.14 | elite     58.14 | best     58.14 | |sigma|  0.000 | 1466.3s
[cem/score] gen 826 cap   500 | mean     63.07 | elite     63.07 | best     63.07 | |sigma|  0.000 | 1468.9s
[cem/score] gen 827 cap   500 | mean     62.48 | elite     62.48 | best     62.48 | |sigma|  0.000 | 1471.8s
[cem/score] gen 828 cap   500 | mean     63.25 | elite     63.25 | best     63.25 | |sigma|  0.000 | 1474.6s
[cem/score] gen 829 cap   500 | mean     61.37 | elite     61.37 | best     61.37 | |sigma|  0.000 | 1477.2s
[cem/score] gen 830 cap   500 | mean     61.82 | elite     61.82 | best     61.82 | |sigma|  0.000 | 1480.1s
[cem/score] gen 831 cap   500 | mean     62.51 | elite     62.51 | best     62.51 | |sigma|  0.000 | 1483.1s
[cem/score] gen 832 cap   500 | mean     62.84 | elite     62.84 | best     62.84 | |sigma|  0.000 | 1485.8s
[cem/score] gen 833 cap   500 | mean     64.96 | elite     64.96 | best     64.96 | |sigma|  0.000 | 1488.3s
[cem/score] gen 834 cap   500 | mean     59.15 | elite     59.15 | best     59.15 | |sigma|  0.000 | 1490.5s
[cem/score] gen 835 cap   500 | mean     61.94 | elite     61.94 | best     61.94 | |sigma|  0.000 | 1493.0s
[cem/score] gen 836 cap   500 | mean     61.36 | elite     61.36 | best     61.36 | |sigma|  0.000 | 1495.4s
[cem/score] gen 837 cap   500 | mean     60.43 | elite     60.43 | best     60.43 | |sigma|  0.000 | 1498.0s
[cem/score] gen 838 cap   500 | mean     56.50 | elite     56.50 | best     56.50 | |sigma|  0.000 | 1500.2s
[cem/score] gen 839 cap   500 | mean     61.91 | elite     61.91 | best     61.91 | |sigma|  0.000 | 1502.8s
[cem/score] gen 840 cap   500 | mean     64.22 | elite     64.22 | best     64.22 | |sigma|  0.000 | 1505.6s
[cem/score] gen 841 cap   500 | mean     60.57 | elite     60.57 | best     60.57 | |sigma|  0.000 | 1508.4s
[cem/score] gen 842 cap   500 | mean     60.30 | elite     60.30 | best     60.30 | |sigma|  0.000 | 1511.0s
[cem/score] gen 843 cap   500 | mean     61.09 | elite     61.09 | best     61.09 | |sigma|  0.000 | 1514.0s
[cem/score] gen 844 cap   500 | mean     60.75 | elite     60.75 | best     60.75 | |sigma|  0.000 | 1516.5s
[cem/score] gen 845 cap   500 | mean     64.24 | elite     64.24 | best     64.24 | |sigma|  0.000 | 1519.4s
[cem/score] gen 846 cap   500 | mean     64.78 | elite     64.78 | best     64.78 | |sigma|  0.000 | 1522.3s
[cem/score] gen 847 cap   500 | mean     60.38 | elite     60.38 | best     60.38 | |sigma|  0.000 | 1524.6s
[cem/score] gen 848 cap   500 | mean     60.58 | elite     60.58 | best     60.58 | |sigma|  0.000 | 1527.0s
[cem/score] gen 849 cap   500 | mean     62.05 | elite     62.05 | best     62.05 | |sigma|  0.000 | 1529.6s
[cem/score] gen 850 cap   500 | mean     60.36 | elite     60.36 | best     60.36 | |sigma|  0.000 | 1532.2s
[cem/score] gen 851 cap   500 | mean     62.80 | elite     62.80 | best     62.80 | |sigma|  0.000 | 1534.9s
[cem/score] gen 852 cap   500 | mean     59.49 | elite     59.49 | best     59.49 | |sigma|  0.000 | 1537.3s
[cem/score] gen 853 cap   500 | mean     63.47 | elite     63.47 | best     63.47 | |sigma|  0.000 | 1540.0s
[cem/score] gen 854 cap   500 | mean     61.98 | elite     61.98 | best     61.98 | |sigma|  0.000 | 1542.7s
[cem/score] gen 855 cap   500 | mean     62.40 | elite     62.40 | best     62.40 | |sigma|  0.000 | 1545.5s
[cem/score] gen 856 cap   500 | mean     62.84 | elite     62.84 | best     62.84 | |sigma|  0.000 | 1548.0s
[cem/score] gen 857 cap   500 | mean     61.32 | elite     61.32 | best     61.32 | |sigma|  0.000 | 1550.3s
[cem/score] gen 858 cap   500 | mean     60.18 | elite     60.18 | best     60.18 | |sigma|  0.000 | 1552.8s
[cem/score] gen 859 cap   500 | mean     59.02 | elite     59.02 | best     59.02 | |sigma|  0.000 | 1554.9s
[cem/score] gen 860 cap   500 | mean     63.86 | elite     63.86 | best     63.86 | |sigma|  0.000 | 1557.6s
[cem/score] gen 861 cap   500 | mean     62.05 | elite     62.05 | best     62.05 | |sigma|  0.000 | 1560.3s
[cem/score] gen 862 cap   500 | mean     53.58 | elite     53.58 | best     53.58 | |sigma|  0.000 | 1562.3s
[cem/score] gen 863 cap   500 | mean     63.75 | elite     63.75 | best     63.75 | |sigma|  0.000 | 1565.1s
[cem/score] gen 864 cap   500 | mean     61.96 | elite     61.96 | best     61.96 | |sigma|  0.000 | 1567.6s
[cem/score] gen 865 cap   500 | mean     62.52 | elite     62.52 | best     62.52 | |sigma|  0.000 | 1570.3s
[cem/score] gen 866 cap   500 | mean     62.15 | elite     62.15 | best     62.15 | |sigma|  0.000 | 1573.0s
[cem/score] gen 867 cap   500 | mean     59.69 | elite     59.69 | best     59.69 | |sigma|  0.000 | 1575.3s
[cem/score] gen 868 cap   500 | mean     59.13 | elite     59.13 | best     59.13 | |sigma|  0.000 | 1577.6s
[cem/score] gen 869 cap   500 | mean     64.94 | elite     64.94 | best     64.94 | |sigma|  0.000 | 1580.5s
[cem/score] gen 870 cap   500 | mean     58.43 | elite     58.43 | best     58.43 | |sigma|  0.000 | 1582.6s
[cem/score] gen 871 cap   500 | mean     56.11 | elite     56.11 | best     56.11 | |sigma|  0.000 | 1584.7s
[cem/score] gen 872 cap   500 | mean     64.00 | elite     64.00 | best     64.00 | |sigma|  0.000 | 1587.7s
[cem/score] gen 873 cap   500 | mean     62.93 | elite     62.93 | best     62.93 | |sigma|  0.000 | 1590.5s
[cem/score] gen 874 cap   500 | mean     58.16 | elite     58.16 | best     58.16 | |sigma|  0.000 | 1592.7s
[cem/score] gen 875 cap   500 | mean     64.23 | elite     64.23 | best     64.23 | |sigma|  0.000 | 1595.7s
[cem/score] gen 876 cap   500 | mean     62.05 | elite     62.05 | best     62.05 | |sigma|  0.000 | 1598.3s
[cem/score] gen 877 cap   500 | mean     62.38 | elite     62.38 | best     62.38 | |sigma|  0.000 | 1601.3s
[cem/score] gen 878 cap   500 | mean     62.74 | elite     62.74 | best     62.74 | |sigma|  0.000 | 1604.3s
[cem/score] gen 879 cap   500 | mean     61.65 | elite     61.65 | best     61.65 | |sigma|  0.000 | 1607.1s
[cem/score] gen 880 cap   500 | mean     55.88 | elite     55.88 | best     55.88 | |sigma|  0.000 | 1609.4s
[cem/score] gen 881 cap   500 | mean     56.68 | elite     56.68 | best     56.68 | |sigma|  0.000 | 1611.6s
[cem/score] gen 882 cap   500 | mean     60.91 | elite     60.91 | best     60.91 | |sigma|  0.000 | 1614.1s
[cem/score] gen 883 cap   500 | mean     59.85 | elite     59.85 | best     59.85 | |sigma|  0.000 | 1616.6s
[cem/score] gen 884 cap   500 | mean     62.32 | elite     62.32 | best     62.32 | |sigma|  0.000 | 1619.2s
[cem/score] gen 885 cap   500 | mean     57.55 | elite     57.55 | best     57.55 | |sigma|  0.000 | 1621.6s
[cem/score] gen 886 cap   500 | mean     61.05 | elite     61.05 | best     61.05 | |sigma|  0.000 | 1624.2s
[cem/score] gen 887 cap   500 | mean     62.14 | elite     62.14 | best     62.14 | |sigma|  0.000 | 1626.7s
[cem/score] gen 888 cap   500 | mean     63.53 | elite     63.53 | best     63.53 | |sigma|  0.000 | 1629.3s
[cem/score] gen 889 cap   500 | mean     60.34 | elite     60.34 | best     60.34 | |sigma|  0.000 | 1631.7s
[cem/score] gen 890 cap   500 | mean     60.29 | elite     60.29 | best     60.29 | |sigma|  0.000 | 1634.1s
[cem/score] gen 891 cap   500 | mean     61.90 | elite     61.90 | best     61.90 | |sigma|  0.000 | 1636.8s
[cem/score] gen 892 cap   500 | mean     59.56 | elite     59.56 | best     59.56 | |sigma|  0.000 | 1638.8s
[cem/score] gen 893 cap   500 | mean     63.57 | elite     63.57 | best     63.57 | |sigma|  0.000 | 1641.7s
[cem/score] gen 894 cap   500 | mean     62.39 | elite     62.39 | best     62.39 | |sigma|  0.000 | 1644.4s
[cem/score] gen 895 cap   500 | mean     64.03 | elite     64.03 | best     64.03 | |sigma|  0.000 | 1647.3s
[cem/score] gen 896 cap   500 | mean     63.01 | elite     63.01 | best     63.01 | |sigma|  0.000 | 1650.0s
[cem/score] gen 897 cap   500 | mean     60.17 | elite     60.17 | best     60.17 | |sigma|  0.000 | 1652.5s
[cem/score] gen 898 cap   500 | mean     62.20 | elite     62.20 | best     62.20 | |sigma|  0.000 | 1655.2s
[cem/score] gen 899 cap   500 | mean     62.76 | elite     62.76 | best     62.76 | |sigma|  0.000 | 1657.8s
[cem/score] gen 900 cap   500 | mean     62.08 | elite     62.08 | best     62.08 | |sigma|  0.000 | 1660.2s
[cem/score] gen 901 cap   500 | mean     63.37 | elite     63.37 | best     63.37 | |sigma|  0.000 | 1662.9s
[cem/score] gen 902 cap   500 | mean     61.35 | elite     61.35 | best     61.35 | |sigma|  0.000 | 1665.4s
[cem/score] gen 903 cap   500 | mean     62.81 | elite     62.81 | best     62.81 | |sigma|  0.000 | 1668.0s
[cem/score] gen 904 cap   500 | mean     62.93 | elite     62.93 | best     62.93 | |sigma|  0.000 | 1670.9s
[cem/score] gen 905 cap   500 | mean     61.91 | elite     61.91 | best     61.91 | |sigma|  0.000 | 1673.6s
[cem/score] gen 906 cap   500 | mean     62.57 | elite     62.57 | best     62.57 | |sigma|  0.000 | 1676.4s
[cem/score] gen 907 cap   500 | mean     57.84 | elite     57.84 | best     57.84 | |sigma|  0.000 | 1678.7s
[cem/score] gen 908 cap   500 | mean     62.21 | elite     62.21 | best     62.21 | |sigma|  0.000 | 1681.4s
[cem/score] gen 909 cap   500 | mean     58.92 | elite     58.92 | best     58.92 | |sigma|  0.000 | 1683.8s
[cem/score] gen 910 cap   500 | mean     60.44 | elite     60.44 | best     60.44 | |sigma|  0.000 | 1686.2s
[cem/score] gen 911 cap   500 | mean     64.84 | elite     64.84 | best     64.84 | |sigma|  0.000 | 1689.2s
[cem/score] gen 912 cap   500 | mean     61.92 | elite     61.92 | best     61.92 | |sigma|  0.000 | 1692.4s
[cem/score] gen 913 cap   500 | mean     62.81 | elite     62.81 | best     62.81 | |sigma|  0.000 | 1695.1s
[cem/score] gen 914 cap   500 | mean     60.54 | elite     60.54 | best     60.54 | |sigma|  0.000 | 1697.6s
[cem/score] gen 915 cap   500 | mean     61.42 | elite     61.42 | best     61.42 | |sigma|  0.000 | 1700.2s
[cem/score] gen 916 cap   500 | mean     63.17 | elite     63.17 | best     63.17 | |sigma|  0.000 | 1702.9s
[cem/score] gen 917 cap   500 | mean     63.34 | elite     63.34 | best     63.34 | |sigma|  0.000 | 1705.6s
[cem/score] gen 918 cap   500 | mean     62.62 | elite     62.62 | best     62.62 | |sigma|  0.000 | 1708.4s
[cem/score] gen 919 cap   500 | mean     59.51 | elite     59.51 | best     59.51 | |sigma|  0.000 | 1710.9s
[cem/score] gen 920 cap   500 | mean     56.75 | elite     56.75 | best     56.75 | |sigma|  0.000 | 1713.2s
[cem/score] gen 921 cap   500 | mean     59.53 | elite     59.53 | best     59.53 | |sigma|  0.000 | 1715.5s
[cem/score] gen 922 cap   500 | mean     60.10 | elite     60.10 | best     60.10 | |sigma|  0.000 | 1717.8s
[cem/score] gen 923 cap   500 | mean     60.61 | elite     60.61 | best     60.61 | |sigma|  0.000 | 1720.3s
[cem/score] gen 924 cap   500 | mean     65.45 | elite     65.45 | best     65.45 | |sigma|  0.000 | 1723.2s
[cem/score] gen 925 cap   500 | mean     60.13 | elite     60.13 | best     60.13 | |sigma|  0.000 | 1725.5s
[cem/score] gen 926 cap   500 | mean     59.76 | elite     59.76 | best     59.76 | |sigma|  0.000 | 1728.2s
[cem/score] gen 927 cap   500 | mean     63.09 | elite     63.09 | best     63.09 | |sigma|  0.000 | 1731.0s
[cem/score] gen 928 cap   500 | mean     59.87 | elite     59.87 | best     59.87 | |sigma|  0.000 | 1733.4s
[cem/score] gen 929 cap   500 | mean     64.17 | elite     64.17 | best     64.17 | |sigma|  0.000 | 1736.4s
[cem/score] gen 930 cap   500 | mean     63.85 | elite     63.85 | best     63.85 | |sigma|  0.000 | 1739.2s
[cem/score] gen 931 cap   500 | mean     60.03 | elite     60.03 | best     60.03 | |sigma|  0.000 | 1741.7s
[cem/score] gen 932 cap   500 | mean     60.70 | elite     60.70 | best     60.70 | |sigma|  0.000 | 1744.2s
[cem/score] gen 933 cap   500 | mean     62.34 | elite     62.34 | best     62.34 | |sigma|  0.000 | 1746.9s
[cem/score] gen 934 cap   500 | mean     60.78 | elite     60.78 | best     60.78 | |sigma|  0.000 | 1749.5s
[cem/score] gen 935 cap   500 | mean     65.58 | elite     65.58 | best     65.58 | |sigma|  0.000 | 1752.4s
[cem/score] gen 936 cap   500 | mean     58.64 | elite     58.64 | best     58.64 | |sigma|  0.000 | 1755.1s
[cem/score] gen 937 cap   500 | mean     55.06 | elite     55.06 | best     55.06 | |sigma|  0.000 | 1757.0s
[cem/score] gen 938 cap   500 | mean     62.30 | elite     62.30 | best     62.30 | |sigma|  0.000 | 1759.8s
[cem/score] gen 939 cap   500 | mean     61.90 | elite     61.90 | best     61.90 | |sigma|  0.000 | 1762.5s
[cem/score] gen 940 cap   500 | mean     61.57 | elite     61.57 | best     61.57 | |sigma|  0.000 | 1764.8s
[cem/score] gen 941 cap   500 | mean     59.65 | elite     59.65 | best     59.65 | |sigma|  0.000 | 1767.2s
[cem/score] gen 942 cap   500 | mean     62.41 | elite     62.41 | best     62.41 | |sigma|  0.000 | 1770.0s
[cem/score] gen 943 cap   500 | mean     61.75 | elite     61.75 | best     61.75 | |sigma|  0.000 | 1772.9s
[cem/score] gen 944 cap   500 | mean     59.12 | elite     59.12 | best     59.12 | |sigma|  0.000 | 1775.1s
[cem/score] gen 945 cap   500 | mean     63.95 | elite     63.95 | best     63.95 | |sigma|  0.000 | 1777.8s
[cem/score] gen 946 cap   500 | mean     63.43 | elite     63.43 | best     63.43 | |sigma|  0.000 | 1780.4s
[cem/score] gen 947 cap   500 | mean     62.57 | elite     62.57 | best     62.57 | |sigma|  0.000 | 1783.0s
[cem/score] gen 948 cap   500 | mean     64.19 | elite     64.19 | best     64.19 | |sigma|  0.000 | 1785.7s
[cem/score] gen 949 cap   500 | mean     63.01 | elite     63.01 | best     63.01 | |sigma|  0.000 | 1788.4s
[cem/score] gen 950 cap   500 | mean     63.83 | elite     63.83 | best     63.83 | |sigma|  0.000 | 1791.1s
[cem/score] gen 951 cap   500 | mean     63.70 | elite     63.70 | best     63.70 | |sigma|  0.000 | 1793.9s
[cem/score] gen 952 cap   500 | mean     60.22 | elite     60.22 | best     60.22 | |sigma|  0.000 | 1796.2s
[cem/score] gen 953 cap   500 | mean     63.99 | elite     63.99 | best     63.99 | |sigma|  0.000 | 1798.9s
[cem/score] gen 954 cap   500 | mean     61.54 | elite     61.54 | best     61.54 | |sigma|  0.000 | 1801.3s
[cem/score] gen 955 cap   500 | mean     61.16 | elite     61.16 | best     61.16 | |sigma|  0.000 | 1803.8s
[cem/score] gen 956 cap   500 | mean     63.37 | elite     63.37 | best     63.37 | |sigma|  0.000 | 1806.5s
[cem/score] gen 957 cap   500 | mean     63.01 | elite     63.01 | best     63.01 | |sigma|  0.000 | 1809.5s
[cem/score] gen 958 cap   500 | mean     61.63 | elite     61.63 | best     61.63 | |sigma|  0.000 | 1811.9s
[cem/score] gen 959 cap   500 | mean     63.78 | elite     63.78 | best     63.78 | |sigma|  0.000 | 1814.7s
[cem/score] gen 960 cap   500 | mean     61.70 | elite     61.70 | best     61.70 | |sigma|  0.000 | 1817.4s
[cem/score] gen 961 cap   500 | mean     62.72 | elite     62.72 | best     62.72 | |sigma|  0.000 | 1820.0s
[cem/score] gen 962 cap   500 | mean     62.22 | elite     62.22 | best     62.22 | |sigma|  0.000 | 1822.7s
[cem/score] gen 963 cap   500 | mean     62.96 | elite     62.96 | best     62.96 | |sigma|  0.000 | 1825.1s
[cem/score] gen 964 cap   500 | mean     53.62 | elite     53.62 | best     53.62 | |sigma|  0.000 | 1826.8s
[cem/score] gen 965 cap   500 | mean     61.77 | elite     61.77 | best     61.77 | |sigma|  0.000 | 1829.3s
[cem/score] gen 966 cap   500 | mean     63.81 | elite     63.81 | best     63.81 | |sigma|  0.000 | 1832.1s
[cem/score] gen 967 cap   500 | mean     56.16 | elite     56.16 | best     56.16 | |sigma|  0.000 | 1834.1s
[cem/score] gen 968 cap   500 | mean     64.21 | elite     64.21 | best     64.21 | |sigma|  0.000 | 1836.9s
[cem/score] gen 969 cap   500 | mean     63.09 | elite     63.09 | best     63.09 | |sigma|  0.000 | 1839.7s
[cem/score] gen 970 cap   500 | mean     62.63 | elite     62.63 | best     62.63 | |sigma|  0.000 | 1842.1s
[cem/score] gen 971 cap   500 | mean     59.97 | elite     59.97 | best     59.97 | |sigma|  0.000 | 1844.5s
[cem/score] gen 972 cap   500 | mean     57.99 | elite     57.99 | best     57.99 | |sigma|  0.000 | 1846.9s
[cem/score] gen 973 cap   500 | mean     63.45 | elite     63.45 | best     63.45 | |sigma|  0.000 | 1849.6s
[cem/score] gen 974 cap   500 | mean     63.07 | elite     63.07 | best     63.07 | |sigma|  0.000 | 1852.1s
[cem/score] gen 975 cap   500 | mean     63.05 | elite     63.05 | best     63.05 | |sigma|  0.000 | 1854.8s
[cem/score] gen 976 cap   500 | mean     64.18 | elite     64.18 | best     64.18 | |sigma|  0.000 | 1857.6s
[cem/score] gen 977 cap   500 | mean     62.93 | elite     62.93 | best     62.93 | |sigma|  0.000 | 1861.0s
[cem/score] gen 978 cap   500 | mean     62.48 | elite     62.48 | best     62.48 | |sigma|  0.000 | 1864.0s
[cem/score] gen 979 cap   500 | mean     61.60 | elite     61.60 | best     61.60 | |sigma|  0.000 | 1866.5s
[cem/score] gen 980 cap   500 | mean     61.94 | elite     61.94 | best     61.94 | |sigma|  0.000 | 1868.9s
[cem/score] gen 981 cap   500 | mean     63.67 | elite     63.67 | best     63.67 | |sigma|  0.000 | 1871.5s
[cem/score] gen 982 cap   500 | mean     57.18 | elite     57.18 | best     57.18 | |sigma|  0.000 | 1873.8s
[cem/score] gen 983 cap   500 | mean     59.58 | elite     59.58 | best     59.58 | |sigma|  0.000 | 1876.3s
[cem/score] gen 984 cap   500 | mean     56.55 | elite     56.55 | best     56.55 | |sigma|  0.000 | 1878.6s
[cem/score] gen 985 cap   500 | mean     63.07 | elite     63.07 | best     63.07 | |sigma|  0.000 | 1881.4s
[cem/score] gen 986 cap   500 | mean     61.38 | elite     61.38 | best     61.38 | |sigma|  0.000 | 1883.9s
[cem/score] gen 987 cap   500 | mean     63.20 | elite     63.20 | best     63.20 | |sigma|  0.000 | 1886.7s
[cem/score] gen 988 cap   500 | mean     59.64 | elite     59.64 | best     59.64 | |sigma|  0.000 | 1889.1s
[cem/score] gen 989 cap   500 | mean     59.55 | elite     59.55 | best     59.55 | |sigma|  0.000 | 1891.1s
[cem/score] gen 990 cap   500 | mean     60.62 | elite     60.62 | best     60.62 | |sigma|  0.000 | 1893.7s
[cem/score] gen 991 cap   500 | mean     61.15 | elite     61.15 | best     61.15 | |sigma|  0.000 | 1896.2s
[cem/score] gen 992 cap   500 | mean     61.03 | elite     61.03 | best     61.03 | |sigma|  0.000 | 1898.5s
[cem/score] gen 993 cap   500 | mean     57.47 | elite     57.47 | best     57.47 | |sigma|  0.000 | 1900.7s
[cem/score] gen 994 cap   500 | mean     63.23 | elite     63.23 | best     63.23 | |sigma|  0.000 | 1903.7s
[cem/score] gen 995 cap   500 | mean     61.31 | elite     61.31 | best     61.31 | |sigma|  0.000 | 1906.3s
[cem/score] gen 996 cap   500 | mean     59.98 | elite     59.98 | best     59.98 | |sigma|  0.000 | 1908.9s
[cem/score] gen 997 cap   500 | mean     62.34 | elite     62.34 | best     62.34 | |sigma|  0.000 | 1911.5s
[cem/score] gen 998 cap   500 | mean     61.31 | elite     61.31 | best     61.31 | |sigma|  0.000 | 1914.2s
[cem/score] gen 999 cap   500 | mean     64.62 | elite     64.62 | best     64.62 | |sigma|  0.000 | 1916.9s
[cem/score] gen 1000 cap  1500 | mean     58.06 | elite     58.06 | best     58.06 | |sigma|  0.000 | 1919.8s
[cem/score] gen 1001 cap  1500 | mean     61.94 | elite     61.94 | best     61.94 | |sigma|  0.000 | 1924.4s
[cem/score] gen 1002 cap  1500 | mean     61.92 | elite     61.92 | best     61.92 | |sigma|  0.000 | 1929.5s
[cem/score] gen 1003 cap  1500 | mean     61.14 | elite     61.14 | best     61.14 | |sigma|  0.000 | 1933.3s
[cem/score] gen 1004 cap  1500 | mean     61.19 | elite     61.19 | best     61.19 | |sigma|  0.000 | 1938.6s
[cem/score] gen 1005 cap  1500 | mean     61.73 | elite     61.73 | best     61.73 | |sigma|  0.000 | 1944.8s
[cem/score] gen 1006 cap  1500 | mean     59.04 | elite     59.04 | best     59.04 | |sigma|  0.000 | 1948.5s
[cem/score] gen 1007 cap  1500 | mean     62.84 | elite     62.84 | best     62.84 | |sigma|  0.000 | 1953.6s
[cem/score] gen 1008 cap  1500 | mean     60.57 | elite     60.57 | best     60.57 | |sigma|  0.000 | 1958.7s
[cem/score] gen 1009 cap  1500 | mean     59.55 | elite     59.55 | best     59.55 | |sigma|  0.000 | 1962.9s
[cem/score] gen 1010 cap  1500 | mean     61.59 | elite     61.59 | best     61.59 | |sigma|  0.000 | 1968.1s
[cem/score] gen 1011 cap  1500 | mean     59.72 | elite     59.72 | best     59.72 | |sigma|  0.000 | 1971.9s
[cem/score] gen 1012 cap  1500 | mean     62.75 | elite     62.75 | best     62.75 | |sigma|  0.000 | 1978.1s
[cem/score] gen 1013 cap  1500 | mean     59.87 | elite     59.87 | best     59.87 | |sigma|  0.000 | 1983.2s
[cem/score] gen 1014 cap  1500 | mean     63.49 | elite     63.49 | best     63.49 | |sigma|  0.000 | 1989.4s
[cem/score] gen 1015 cap  1500 | mean     60.61 | elite     60.61 | best     60.61 | |sigma|  0.000 | 1993.6s
[cem/score] gen 1016 cap  1500 | mean     64.31 | elite     64.31 | best     64.31 | |sigma|  0.000 | 1999.6s
[cem/score] gen 1017 cap  1500 | mean     62.50 | elite     62.50 | best     62.50 | |sigma|  0.000 | 2004.1s
[cem/score] gen 1018 cap  1500 | mean     61.12 | elite     61.12 | best     61.12 | |sigma|  0.000 | 2009.3s
[cem/score] gen 1019 cap  1500 | mean     60.57 | elite     60.57 | best     60.57 | |sigma|  0.000 | 2014.1s
[cem/score] gen 1020 cap  1500 | mean     63.70 | elite     63.70 | best     63.70 | |sigma|  0.000 | 2020.4s
[cem/score] gen 1021 cap  1500 | mean     57.30 | elite     57.30 | best     57.30 | |sigma|  0.000 | 2024.3s
[cem/score] gen 1022 cap  1500 | mean     61.49 | elite     61.49 | best     61.49 | |sigma|  0.000 | 2028.6s
[cem/score] gen 1023 cap  1500 | mean     60.09 | elite     60.09 | best     60.09 | |sigma|  0.000 | 2032.7s
[cem/score] gen 1024 cap  1500 | mean     60.59 | elite     60.59 | best     60.59 | |sigma|  0.000 | 2038.1s
[cem/score] gen 1025 cap  1500 | mean     63.17 | elite     63.17 | best     63.17 | |sigma|  0.000 | 2043.8s
[cem/score] gen 1026 cap  1500 | mean     61.17 | elite     61.17 | best     61.17 | |sigma|  0.000 | 2049.5s
[cem/score] gen 1027 cap  1500 | mean     58.04 | elite     58.04 | best     58.04 | |sigma|  0.000 | 2053.8s
[cem/score] gen 1028 cap  1500 | mean     61.45 | elite     61.45 | best     61.45 | |sigma|  0.000 | 2057.7s
[cem/score] gen 1029 cap  1500 | mean     59.74 | elite     59.74 | best     59.74 | |sigma|  0.000 | 2062.5s
[cem/score] gen 1030 cap  1500 | mean     63.06 | elite     63.06 | best     63.06 | |sigma|  0.000 | 2067.9s
[cem/score] gen 1031 cap  1500 | mean     62.08 | elite     62.08 | best     62.08 | |sigma|  0.000 | 2073.4s
[cem/score] gen 1032 cap  1500 | mean     63.03 | elite     63.03 | best     63.03 | |sigma|  0.000 | 2078.5s
[cem/score] gen 1033 cap  1500 | mean     64.30 | elite     64.30 | best     64.30 | |sigma|  0.000 | 2085.1s
[cem/score] gen 1034 cap  1500 | mean     59.56 | elite     59.56 | best     59.56 | |sigma|  0.000 | 2088.6s
[cem/score] gen 1035 cap  1500 | mean     62.24 | elite     62.24 | best     62.24 | |sigma|  0.000 | 2093.5s
[cem/score] gen 1036 cap  1500 | mean     61.98 | elite     61.98 | best     61.98 | |sigma|  0.000 | 2098.2s
[cem/score] gen 1037 cap  1500 | mean     58.50 | elite     58.50 | best     58.50 | |sigma|  0.000 | 2101.8s
[cem/score] gen 1038 cap  1500 | mean     58.53 | elite     58.53 | best     58.53 | |sigma|  0.000 | 2107.3s
[cem/score] gen 1039 cap  1500 | mean     61.43 | elite     61.43 | best     61.43 | |sigma|  0.000 | 2111.7s
[cem/score] gen 1040 cap  1500 | mean     62.06 | elite     62.06 | best     62.06 | |sigma|  0.000 | 2115.9s
[cem/score] gen 1041 cap  1500 | mean     63.14 | elite     63.14 | best     63.14 | |sigma|  0.000 | 2122.1s
[cem/score] gen 1042 cap  1500 | mean     61.94 | elite     61.94 | best     61.94 | |sigma|  0.000 | 2127.3s
[cem/score] gen 1043 cap  1500 | mean     64.65 | elite     64.65 | best     64.65 | |sigma|  0.000 | 2134.1s
[cem/score] gen 1044 cap  1500 | mean     62.82 | elite     62.82 | best     62.82 | |sigma|  0.000 | 2140.1s
[cem/score] gen 1045 cap  1500 | mean     58.10 | elite     58.10 | best     58.10 | |sigma|  0.000 | 2143.6s
[cem/score] gen 1046 cap  1500 | mean     59.37 | elite     59.37 | best     59.37 | |sigma|  0.000 | 2146.6s
[cem/score] gen 1047 cap  1500 | mean     61.87 | elite     61.87 | best     61.87 | |sigma|  0.000 | 2150.9s
[cem/score] gen 1048 cap  1500 | mean     55.12 | elite     55.12 | best     55.12 | |sigma|  0.000 | 2153.5s
[cem/score] gen 1049 cap  1500 | mean     64.22 | elite     64.22 | best     64.22 | |sigma|  0.000 | 2160.0s
[cem/score] gen 1050 cap  1500 | mean     61.69 | elite     61.69 | best     61.69 | |sigma|  0.000 | 2164.8s
[cem/score] gen 1051 cap  1500 | mean     60.08 | elite     60.08 | best     60.08 | |sigma|  0.000 | 2170.1s
[cem/score] gen 1052 cap  1500 | mean     65.24 | elite     65.24 | best     65.24 | |sigma|  0.000 | 2176.6s
[cem/score] gen 1053 cap  1500 | mean     62.38 | elite     62.38 | best     62.38 | |sigma|  0.000 | 2182.5s
[cem/score] gen 1054 cap  1500 | mean     62.36 | elite     62.36 | best     62.36 | |sigma|  0.000 | 2187.8s
[cem/score] gen 1055 cap  1500 | mean     58.92 | elite     58.92 | best     58.92 | |sigma|  0.000 | 2191.5s
[cem/score] gen 1056 cap  1500 | mean     61.86 | elite     61.86 | best     61.86 | |sigma|  0.000 | 2195.8s
[cem/score] gen 1057 cap  1500 | mean     62.38 | elite     62.38 | best     62.38 | |sigma|  0.000 | 2201.8s
[cem/score] gen 1058 cap  1500 | mean     60.67 | elite     60.67 | best     60.67 | |sigma|  0.000 | 2206.6s
[cem/score] gen 1059 cap  1500 | mean     53.13 | elite     53.13 | best     53.13 | |sigma|  0.000 | 2209.9s
[cem/score] gen 1060 cap  1500 | mean     63.99 | elite     63.99 | best     63.99 | |sigma|  0.000 | 2217.0s
[cem/score] gen 1061 cap  1500 | mean     62.35 | elite     62.35 | best     62.35 | |sigma|  0.000 | 2221.2s
[cem/score] gen 1062 cap  1500 | mean     59.67 | elite     59.67 | best     59.67 | |sigma|  0.000 | 2225.0s
[cem/score] gen 1063 cap  1500 | mean     63.60 | elite     63.60 | best     63.60 | |sigma|  0.000 | 2231.6s
[cem/score] gen 1064 cap  1500 | mean     61.05 | elite     61.05 | best     61.05 | |sigma|  0.000 | 2235.4s
[cem/score] gen 1065 cap  1500 | mean     59.54 | elite     59.54 | best     59.54 | |sigma|  0.000 | 2239.7s
[cem/score] gen 1066 cap  1500 | mean     59.24 | elite     59.24 | best     59.24 | |sigma|  0.000 | 2243.9s
[cem/score] gen 1067 cap  1500 | mean     60.15 | elite     60.15 | best     60.15 | |sigma|  0.000 | 2247.7s
[cem/score] gen 1068 cap  1500 | mean     56.73 | elite     56.73 | best     56.73 | |sigma|  0.000 | 2251.2s
[cem/score] gen 1069 cap  1500 | mean     61.34 | elite     61.34 | best     61.34 | |sigma|  0.000 | 2258.5s
[cem/score] gen 1070 cap  1500 | mean     64.00 | elite     64.00 | best     64.00 | |sigma|  0.000 | 2265.9s
[cem/score] gen 1071 cap  1500 | mean     63.46 | elite     63.46 | best     63.46 | |sigma|  0.000 | 2275.2s
[cem/score] gen 1072 cap  1500 | mean     59.72 | elite     59.72 | best     59.72 | |sigma|  0.000 | 2280.6s
[cem/score] gen 1073 cap  1500 | mean     63.06 | elite     63.06 | best     63.06 | |sigma|  0.000 | 2286.8s
[cem/score] gen 1074 cap  1500 | mean     62.81 | elite     62.81 | best     62.81 | |sigma|  0.000 | 2294.4s
[cem/score] gen 1075 cap  1500 | mean     58.65 | elite     58.65 | best     58.65 | |sigma|  0.000 | 2299.3s
[cem/score] gen 1076 cap  1500 | mean     64.63 | elite     64.63 | best     64.63 | |sigma|  0.000 | 2308.2s
[cem/score] gen 1077 cap  1500 | mean     60.25 | elite     60.25 | best     60.25 | |sigma|  0.000 | 2312.9s
[cem/score] gen 1078 cap  1500 | mean     54.76 | elite     54.76 | best     54.76 | |sigma|  0.000 | 2317.8s
[cem/score] gen 1079 cap  1500 | mean     64.18 | elite     64.18 | best     64.18 | |sigma|  0.000 | 2324.7s
[cem/score] gen 1080 cap  1500 | mean     61.78 | elite     61.78 | best     61.78 | |sigma|  0.000 | 2331.0s
[cem/score] gen 1081 cap  1500 | mean     60.08 | elite     60.08 | best     60.08 | |sigma|  0.000 | 2336.3s
[cem/score] gen 1082 cap  1500 | mean     62.29 | elite     62.29 | best     62.29 | |sigma|  0.000 | 2340.7s
[cem/score] gen 1083 cap  1500 | mean     62.17 | elite     62.17 | best     62.17 | |sigma|  0.000 | 2348.0s
[cem/score] gen 1084 cap  1500 | mean     60.71 | elite     60.71 | best     60.71 | |sigma|  0.000 | 2354.6s
[cem/score] gen 1085 cap  1500 | mean     63.58 | elite     63.58 | best     63.58 | |sigma|  0.000 | 2362.0s
[cem/score] gen 1086 cap  1500 | mean     61.84 | elite     61.84 | best     61.84 | |sigma|  0.000 | 2366.1s
[cem/score] gen 1087 cap  1500 | mean     62.13 | elite     62.13 | best     62.13 | |sigma|  0.000 | 2373.9s
[cem/score] gen 1088 cap  1500 | mean     60.45 | elite     60.45 | best     60.45 | |sigma|  0.000 | 2379.4s
[cem/score] gen 1089 cap  1500 | mean     61.63 | elite     61.63 | best     61.63 | |sigma|  0.000 | 2384.7s
[cem/score] gen 1090 cap  1500 | mean     63.72 | elite     63.72 | best     63.72 | |sigma|  0.000 | 2392.0s
[cem/score] gen 1091 cap  1500 | mean     61.64 | elite     61.64 | best     61.64 | |sigma|  0.000 | 2396.2s
[cem/score] gen 1092 cap  1500 | mean     59.19 | elite     59.19 | best     59.19 | |sigma|  0.000 | 2401.7s
[cem/score] gen 1093 cap  1500 | mean     60.72 | elite     60.72 | best     60.72 | |sigma|  0.000 | 2405.9s
[cem/score] gen 1094 cap  1500 | mean     64.44 | elite     64.44 | best     64.44 | |sigma|  0.000 | 2413.0s
[cem/score] gen 1095 cap  1500 | mean     57.80 | elite     57.80 | best     57.80 | |sigma|  0.000 | 2418.4s
[cem/score] gen 1096 cap  1500 | mean     62.35 | elite     62.35 | best     62.35 | |sigma|  0.000 | 2424.3s
[cem/score] gen 1097 cap  1500 | mean     59.38 | elite     59.38 | best     59.38 | |sigma|  0.000 | 2429.3s
[cem/score] gen 1098 cap  1500 | mean     63.99 | elite     63.99 | best     63.99 | |sigma|  0.000 | 2437.5s
[cem/score] gen 1099 cap  1500 | mean     57.97 | elite     57.97 | best     57.97 | |sigma|  0.000 | 2441.8s
[cem/score] gen 1100 cap  1500 | mean     60.97 | elite     60.97 | best     60.97 | |sigma|  0.000 | 2446.2s
[cem/score] gen 1101 cap  1500 | mean     62.91 | elite     62.91 | best     62.91 | |sigma|  0.000 | 2452.2s
[cem/score] gen 1102 cap  1500 | mean     60.79 | elite     60.79 | best     60.79 | |sigma|  0.000 | 2459.1s
[cem/score] gen 1103 cap  1500 | mean     57.32 | elite     57.32 | best     57.32 | |sigma|  0.000 | 2463.7s
[cem/score] gen 1104 cap  1500 | mean     60.70 | elite     60.70 | best     60.70 | |sigma|  0.000 | 2469.6s
[cem/score] gen 1105 cap  1500 | mean     61.27 | elite     61.27 | best     61.27 | |sigma|  0.000 | 2473.6s
[cem/score] gen 1106 cap  1500 | mean     64.35 | elite     64.35 | best     64.35 | |sigma|  0.000 | 2482.2s
[cem/score] gen 1107 cap  1500 | mean     62.61 | elite     62.61 | best     62.61 | |sigma|  0.000 | 2488.4s
[cem/score] gen 1108 cap  1500 | mean     61.18 | elite     61.18 | best     61.18 | |sigma|  0.000 | 2492.7s
[cem/score] gen 1109 cap  1500 | mean     62.63 | elite     62.63 | best     62.63 | |sigma|  0.000 | 2498.1s
[cem/score] gen 1110 cap  1500 | mean     60.78 | elite     60.78 | best     60.78 | |sigma|  0.000 | 2503.4s
[cem/score] gen 1111 cap  1500 | mean     64.22 | elite     64.22 | best     64.22 | |sigma|  0.000 | 2509.8s
[cem/score] gen 1112 cap  1500 | mean     60.67 | elite     60.67 | best     60.67 | |sigma|  0.000 | 2515.5s
[cem/score] gen 1113 cap  1500 | mean     62.64 | elite     62.64 | best     62.64 | |sigma|  0.000 | 2523.6s
[cem/score] gen 1114 cap  1500 | mean     57.39 | elite     57.39 | best     57.39 | |sigma|  0.000 | 2528.4s
[cem/score] gen 1115 cap  1500 | mean     63.08 | elite     63.08 | best     63.08 | |sigma|  0.000 | 2534.9s
[cem/score] gen 1116 cap  1500 | mean     61.11 | elite     61.11 | best     61.11 | |sigma|  0.000 | 2540.2s
[cem/score] gen 1117 cap  1500 | mean     60.65 | elite     60.65 | best     60.65 | |sigma|  0.000 | 2547.1s
[cem/score] gen 1118 cap  1500 | mean     63.81 | elite     63.81 | best     63.81 | |sigma|  0.000 | 2552.2s
[cem/score] gen 1119 cap  1500 | mean     61.19 | elite     61.19 | best     61.19 | |sigma|  0.000 | 2556.8s
[cem/score] gen 1120 cap  1500 | mean     62.29 | elite     62.29 | best     62.29 | |sigma|  0.000 | 2563.1s
[cem/score] gen 1121 cap  1500 | mean     61.44 | elite     61.44 | best     61.44 | |sigma|  0.000 | 2566.8s
[cem/score] gen 1122 cap  1500 | mean     59.37 | elite     59.37 | best     59.37 | |sigma|  0.000 | 2570.9s
[cem/score] gen 1123 cap  1500 | mean     59.97 | elite     59.97 | best     59.97 | |sigma|  0.000 | 2576.4s
[cem/score] gen 1124 cap  1500 | mean     61.85 | elite     61.85 | best     61.85 | |sigma|  0.000 | 2582.1s
[cem/score] gen 1125 cap  1500 | mean     63.85 | elite     63.85 | best     63.85 | |sigma|  0.000 | 2589.5s
[cem/score] gen 1126 cap  1500 | mean     59.96 | elite     59.96 | best     59.96 | |sigma|  0.000 | 2595.6s
[cem/score] gen 1127 cap  1500 | mean     58.73 | elite     58.73 | best     58.73 | |sigma|  0.000 | 2599.9s
[cem/score] gen 1128 cap  1500 | mean     64.28 | elite     64.28 | best     64.28 | |sigma|  0.000 | 2604.9s
[cem/score] gen 1129 cap  1500 | mean     63.31 | elite     63.31 | best     63.31 | |sigma|  0.000 | 2612.2s
[cem/score] gen 1130 cap  1500 | mean     61.45 | elite     61.45 | best     61.45 | |sigma|  0.000 | 2617.6s
[cem/score] gen 1131 cap  1500 | mean     63.44 | elite     63.44 | best     63.44 | |sigma|  0.000 | 2626.6s
[cem/score] gen 1132 cap  1500 | mean     60.37 | elite     60.37 | best     60.37 | |sigma|  0.000 | 2632.7s
[cem/score] gen 1133 cap  1500 | mean     61.29 | elite     61.29 | best     61.29 | |sigma|  0.000 | 2637.3s
[cem/score] gen 1134 cap  1500 | mean     61.15 | elite     61.15 | best     61.15 | |sigma|  0.000 | 2645.9s
[cem/score] gen 1135 cap  1500 | mean     60.71 | elite     60.71 | best     60.71 | |sigma|  0.000 | 2655.1s
[cem/score] gen 1136 cap  1500 | mean     61.33 | elite     61.33 | best     61.33 | |sigma|  0.000 | 2660.4s
[cem/score] gen 1137 cap  1500 | mean     63.06 | elite     63.06 | best     63.06 | |sigma|  0.000 | 2669.5s
[cem/score] gen 1138 cap  1500 | mean     59.20 | elite     59.20 | best     59.20 | |sigma|  0.000 | 2678.7s
[cem/score] gen 1139 cap  1500 | mean     57.66 | elite     57.66 | best     57.66 | |sigma|  0.000 | 2684.9s
[cem/score] gen 1140 cap  1500 | mean     61.30 | elite     61.30 | best     61.30 | |sigma|  0.000 | 2689.7s
[cem/score] gen 1141 cap  1500 | mean     63.41 | elite     63.41 | best     63.41 | |sigma|  0.000 | 2699.0s
[cem/score] gen 1142 cap  1500 | mean     59.44 | elite     59.44 | best     59.44 | |sigma|  0.000 | 2705.9s
[cem/score] gen 1143 cap  1500 | mean     61.00 | elite     61.00 | best     61.00 | |sigma|  0.000 | 2714.0s
[cem/score] gen 1144 cap  1500 | mean     59.07 | elite     59.07 | best     59.07 | |sigma|  0.000 | 2720.1s
[cem/score] gen 1145 cap  1500 | mean     60.45 | elite     60.45 | best     60.45 | |sigma|  0.000 | 2724.9s
[cem/score] gen 1146 cap  1500 | mean     63.18 | elite     63.18 | best     63.18 | |sigma|  0.000 | 2731.4s
[cem/score] gen 1147 cap  1500 | mean     61.74 | elite     61.74 | best     61.74 | |sigma|  0.000 | 2737.4s
[cem/score] gen 1148 cap  1500 | mean     59.24 | elite     59.24 | best     59.24 | |sigma|  0.000 | 2743.2s
[cem/score] gen 1149 cap  1500 | mean     58.09 | elite     58.09 | best     58.09 | |sigma|  0.000 | 2748.7s
[cem/score] gen 1150 cap  1500 | mean     62.40 | elite     62.40 | best     62.40 | |sigma|  0.000 | 2757.5s
[cem/score] gen 1151 cap  1500 | mean     59.85 | elite     59.85 | best     59.85 | |sigma|  0.000 | 2763.7s
[cem/score] gen 1152 cap  1500 | mean     62.55 | elite     62.55 | best     62.55 | |sigma|  0.000 | 2770.6s
[cem/score] gen 1153 cap  1500 | mean     62.83 | elite     62.83 | best     62.83 | |sigma|  0.000 | 2777.4s
[cem/score] gen 1154 cap  1500 | mean     61.84 | elite     61.84 | best     61.84 | |sigma|  0.000 | 2782.4s
[cem/score] gen 1155 cap  1500 | mean     63.22 | elite     63.22 | best     63.22 | |sigma|  0.000 | 2790.0s
[cem/score] gen 1156 cap  1500 | mean     63.82 | elite     63.82 | best     63.82 | |sigma|  0.000 | 2796.9s
[cem/score] gen 1157 cap  1500 | mean     61.12 | elite     61.12 | best     61.12 | |sigma|  0.000 | 2802.1s
[cem/score] gen 1158 cap  1500 | mean     59.41 | elite     59.41 | best     59.41 | |sigma|  0.000 | 2806.7s
[cem/score] gen 1159 cap  1500 | mean     59.33 | elite     59.33 | best     59.33 | |sigma|  0.000 | 2811.2s
[cem/score] gen 1160 cap  1500 | mean     63.34 | elite     63.34 | best     63.34 | |sigma|  0.000 | 2815.9s
[cem/score] gen 1161 cap  1500 | mean     60.48 | elite     60.48 | best     60.48 | |sigma|  0.000 | 2819.0s
[cem/score] gen 1162 cap  1500 | mean     56.01 | elite     56.01 | best     56.01 | |sigma|  0.000 | 2821.9s
[cem/score] gen 1163 cap  1500 | mean     63.01 | elite     63.01 | best     63.01 | |sigma|  0.000 | 2827.7s
[cem/score] gen 1164 cap  1500 | mean     60.67 | elite     60.67 | best     60.67 | |sigma|  0.000 | 2833.0s
[cem/score] gen 1165 cap  1500 | mean     62.41 | elite     62.41 | best     62.41 | |sigma|  0.000 | 2838.0s
[cem/score] gen 1166 cap  1500 | mean     61.91 | elite     61.91 | best     61.91 | |sigma|  0.000 | 2845.3s
[cem/score] gen 1167 cap  1500 | mean     60.78 | elite     60.78 | best     60.78 | |sigma|  0.000 | 2848.6s
[cem/score] gen 1168 cap  1500 | mean     63.47 | elite     63.47 | best     63.47 | |sigma|  0.000 | 2856.2s
[cem/score] gen 1169 cap  1500 | mean     62.74 | elite     62.74 | best     62.74 | |sigma|  0.000 | 2861.0s
[cem/score] gen 1170 cap  1500 | mean     64.22 | elite     64.22 | best     64.22 | |sigma|  0.000 | 2867.8s
[cem/score] gen 1171 cap  1500 | mean     59.45 | elite     59.45 | best     59.45 | |sigma|  0.000 | 2872.0s
[cem/score] gen 1172 cap  1500 | mean     61.11 | elite     61.11 | best     61.11 | |sigma|  0.000 | 2877.6s
[cem/score] gen 1173 cap  1500 | mean     63.35 | elite     63.35 | best     63.35 | |sigma|  0.000 | 2883.5s
[cem/score] gen 1174 cap  1500 | mean     60.75 | elite     60.75 | best     60.75 | |sigma|  0.000 | 2886.8s
[cem/score] gen 1175 cap  1500 | mean     61.55 | elite     61.55 | best     61.55 | |sigma|  0.000 | 2892.1s
[cem/score] gen 1176 cap  1500 | mean     63.59 | elite     63.59 | best     63.59 | |sigma|  0.000 | 2897.0s
[cem/score] gen 1177 cap  1500 | mean     59.44 | elite     59.44 | best     59.44 | |sigma|  0.000 | 2900.3s
[cem/score] gen 1178 cap  1500 | mean     60.74 | elite     60.74 | best     60.74 | |sigma|  0.000 | 2905.3s
[cem/score] gen 1179 cap  1500 | mean     58.93 | elite     58.93 | best     58.93 | |sigma|  0.000 | 2908.9s
[cem/score] gen 1180 cap  1500 | mean     60.18 | elite     60.18 | best     60.18 | |sigma|  0.000 | 2913.4s
[cem/score] gen 1181 cap  1500 | mean     63.97 | elite     63.97 | best     63.97 | |sigma|  0.000 | 2919.6s
[cem/score] gen 1182 cap  1500 | mean     59.57 | elite     59.57 | best     59.57 | |sigma|  0.000 | 2924.8s
[cem/score] gen 1183 cap  1500 | mean     63.81 | elite     63.81 | best     63.81 | |sigma|  0.000 | 2929.9s
[cem/score] gen 1184 cap  1500 | mean     64.29 | elite     64.29 | best     64.29 | |sigma|  0.000 | 2936.3s
[cem/score] gen 1185 cap  1500 | mean     61.34 | elite     61.34 | best     61.34 | |sigma|  0.000 | 2940.2s
[cem/score] gen 1186 cap  1500 | mean     59.59 | elite     59.59 | best     59.59 | |sigma|  0.000 | 2944.9s
[cem/score] gen 1187 cap  1500 | mean     59.62 | elite     59.62 | best     59.62 | |sigma|  0.000 | 2950.5s
[cem/score] gen 1188 cap  1500 | mean     61.60 | elite     61.60 | best     61.60 | |sigma|  0.000 | 2956.1s
[cem/score] gen 1189 cap  1500 | mean     63.63 | elite     63.63 | best     63.63 | |sigma|  0.000 | 2961.5s
[cem/score] gen 1190 cap  1500 | mean     54.98 | elite     54.98 | best     54.98 | |sigma|  0.000 | 2963.8s
[cem/score] gen 1191 cap  1500 | mean     61.43 | elite     61.43 | best     61.43 | |sigma|  0.000 | 2967.7s
[cem/score] gen 1192 cap  1500 | mean     61.49 | elite     61.49 | best     61.49 | |sigma|  0.000 | 2971.3s
[cem/score] gen 1193 cap  1500 | mean     58.52 | elite     58.52 | best     58.52 | |sigma|  0.000 | 2975.3s
[cem/score] gen 1194 cap  1500 | mean     62.40 | elite     62.40 | best     62.40 | |sigma|  0.000 | 2979.6s
[cem/score] gen 1195 cap  1500 | mean     58.74 | elite     58.74 | best     58.74 | |sigma|  0.000 | 2984.2s
[cem/score] gen 1196 cap  1500 | mean     63.89 | elite     63.89 | best     63.89 | |sigma|  0.000 | 2988.8s
[cem/score] gen 1197 cap  1500 | mean     65.48 | elite     65.48 | best     65.48 | |sigma|  0.000 | 2994.5s
[cem/score] gen 1198 cap  1500 | mean     61.82 | elite     61.82 | best     61.82 | |sigma|  0.000 | 2999.1s
[cem/score] gen 1199 cap  1500 | mean     54.70 | elite     54.70 | best     54.70 | |sigma|  0.000 | 3003.9s
[cem/score] gen 1200 cap  1500 | mean     60.62 | elite     60.62 | best     60.62 | |sigma|  0.000 | 3007.7s
[cem/score] gen 1201 cap  1500 | mean     62.03 | elite     62.03 | best     62.03 | |sigma|  0.000 | 3012.1s
[cem/score] gen 1202 cap  1500 | mean     61.98 | elite     61.98 | best     61.98 | |sigma|  0.000 | 3017.4s
[cem/score] gen 1203 cap  1500 | mean     59.00 | elite     59.00 | best     59.00 | |sigma|  0.000 | 3021.0s
[cem/score] gen 1204 cap  1500 | mean     60.62 | elite     60.62 | best     60.62 | |sigma|  0.000 | 3025.3s
[cem/score] gen 1205 cap  1500 | mean     51.18 | elite     51.18 | best     51.18 | |sigma|  0.000 | 3028.7s
[cem/score] gen 1206 cap  1500 | mean     63.40 | elite     63.40 | best     63.40 | |sigma|  0.000 | 3034.0s
[cem/score] gen 1207 cap  1500 | mean     59.76 | elite     59.76 | best     59.76 | |sigma|  0.000 | 3037.6s
[cem/score] gen 1208 cap  1500 | mean     63.01 | elite     63.01 | best     63.01 | |sigma|  0.000 | 3043.4s
[cem/score] gen 1209 cap  1500 | mean     62.95 | elite     62.95 | best     62.95 | |sigma|  0.000 | 3048.6s
[cem/score] gen 1210 cap  1500 | mean     58.68 | elite     58.68 | best     58.68 | |sigma|  0.000 | 3052.3s
[cem/score] gen 1211 cap  1500 | mean     63.85 | elite     63.85 | best     63.85 | |sigma|  0.000 | 3057.8s
[cem/score] gen 1212 cap  1500 | mean     60.67 | elite     60.67 | best     60.67 | |sigma|  0.000 | 3060.9s
[cem/score] gen 1213 cap  1500 | mean     58.71 | elite     58.71 | best     58.71 | |sigma|  0.000 | 3066.3s
[cem/score] gen 1214 cap  1500 | mean     57.49 | elite     57.49 | best     57.49 | |sigma|  0.000 | 3069.8s
[cem/score] gen 1215 cap  1500 | mean     57.96 | elite     57.96 | best     57.96 | |sigma|  0.000 | 3072.7s
[cem/score] gen 1216 cap  1500 | mean     62.33 | elite     62.33 | best     62.33 | |sigma|  0.000 | 3076.9s
[cem/score] gen 1217 cap  1500 | mean     62.32 | elite     62.32 | best     62.32 | |sigma|  0.000 | 3081.8s
[cem/score] gen 1218 cap  1500 | mean     62.16 | elite     62.16 | best     62.16 | |sigma|  0.000 | 3086.1s
[cem/score] gen 1219 cap  1500 | mean     53.05 | elite     53.05 | best     53.05 | |sigma|  0.000 | 3089.4s
[cem/score] gen 1220 cap  1500 | mean     62.80 | elite     62.80 | best     62.80 | |sigma|  0.000 | 3094.4s
[cem/score] gen 1221 cap  1500 | mean     62.12 | elite     62.12 | best     62.12 | |sigma|  0.000 | 3099.3s
[cem/score] gen 1222 cap  1500 | mean     61.53 | elite     61.53 | best     61.53 | |sigma|  0.000 | 3103.7s
[cem/score] gen 1223 cap  1500 | mean     60.38 | elite     60.38 | best     60.38 | |sigma|  0.000 | 3109.1s
[cem/score] gen 1224 cap  1500 | mean     62.07 | elite     62.07 | best     62.07 | |sigma|  0.000 | 3113.2s
[cem/score] gen 1225 cap  1500 | mean     61.14 | elite     61.14 | best     61.14 | |sigma|  0.000 | 3117.3s
[cem/score] gen 1226 cap  1500 | mean     59.66 | elite     59.66 | best     59.66 | |sigma|  0.000 | 3120.9s
[cem/score] gen 1227 cap  1500 | mean     62.09 | elite     62.09 | best     62.09 | |sigma|  0.000 | 3124.8s
[cem/score] gen 1228 cap  1500 | mean     60.48 | elite     60.48 | best     60.48 | |sigma|  0.000 | 3129.1s
[cem/score] gen 1229 cap  1500 | mean     60.02 | elite     60.02 | best     60.02 | |sigma|  0.000 | 3133.0s
[cem/score] gen 1230 cap  1500 | mean     64.79 | elite     64.79 | best     64.79 | |sigma|  0.000 | 3139.5s
[cem/score] gen 1231 cap  1500 | mean     61.62 | elite     61.62 | best     61.62 | |sigma|  0.000 | 3143.9s
[cem/score] gen 1232 cap  1500 | mean     54.58 | elite     54.58 | best     54.58 | |sigma|  0.000 | 3146.7s
[cem/score] gen 1233 cap  1500 | mean     55.98 | elite     55.98 | best     55.98 | |sigma|  0.000 | 3150.8s
[cem/score] gen 1234 cap  1500 | mean     59.23 | elite     59.23 | best     59.23 | |sigma|  0.000 | 3153.8s
[cem/score] gen 1235 cap  1500 | mean     61.74 | elite     61.74 | best     61.74 | |sigma|  0.000 | 3157.9s
[cem/score] gen 1236 cap  1500 | mean     61.92 | elite     61.92 | best     61.92 | |sigma|  0.000 | 3161.7s
[cem/score] gen 1237 cap  1500 | mean     62.76 | elite     62.76 | best     62.76 | |sigma|  0.000 | 3166.1s
[cem/score] gen 1238 cap  1500 | mean     61.31 | elite     61.31 | best     61.31 | |sigma|  0.000 | 3170.8s
[cem/score] gen 1239 cap  1500 | mean     62.93 | elite     62.93 | best     62.93 | |sigma|  0.000 | 3176.4s
[cem/score] gen 1240 cap  1500 | mean     61.87 | elite     61.87 | best     61.87 | |sigma|  0.000 | 3180.2s
[cem/score] gen 1241 cap  1500 | mean     62.61 | elite     62.61 | best     62.61 | |sigma|  0.000 | 3184.9s
[cem/score] gen 1242 cap  1500 | mean     65.33 | elite     65.33 | best     65.33 | |sigma|  0.000 | 3191.6s
[cem/score] gen 1243 cap  1500 | mean     64.12 | elite     64.12 | best     64.12 | |sigma|  0.000 | 3197.7s
[cem/score] gen 1244 cap  1500 | mean     64.51 | elite     64.51 | best     64.51 | |sigma|  0.000 | 3204.7s
[cem/score] gen 1245 cap  1500 | mean     62.78 | elite     62.78 | best     62.78 | |sigma|  0.000 | 3210.0s
[cem/score] gen 1246 cap  1500 | mean     61.49 | elite     61.49 | best     61.49 | |sigma|  0.000 | 3214.5s
[cem/score] gen 1247 cap  1500 | mean     60.94 | elite     60.94 | best     60.94 | |sigma|  0.000 | 3218.5s
[cem/score] gen 1248 cap  1500 | mean     62.24 | elite     62.24 | best     62.24 | |sigma|  0.000 | 3224.3s
[cem/score] gen 1249 cap  1500 | mean     64.40 | elite     64.40 | best     64.40 | |sigma|  0.000 | 3230.3s
[cem/score] gen 1250 cap  1500 | mean     58.21 | elite     58.21 | best     58.21 | |sigma|  0.000 | 3232.8s
[cem/score] gen 1251 cap  1500 | mean     58.95 | elite     58.95 | best     58.95 | |sigma|  0.000 | 3236.2s
[cem/score] gen 1252 cap  1500 | mean     57.25 | elite     57.25 | best     57.25 | |sigma|  0.000 | 3239.9s
[cem/score] gen 1253 cap  1500 | mean     60.43 | elite     60.43 | best     60.43 | |sigma|  0.000 | 3244.4s
[cem/score] gen 1254 cap  1500 | mean     60.96 | elite     60.96 | best     60.96 | |sigma|  0.000 | 3248.9s
[cem/score] gen 1255 cap  1500 | mean     58.30 | elite     58.30 | best     58.30 | |sigma|  0.000 | 3252.3s
[cem/score] gen 1256 cap  1500 | mean     63.70 | elite     63.70 | best     63.70 | |sigma|  0.000 | 3258.4s
[cem/score] gen 1257 cap  1500 | mean     56.20 | elite     56.20 | best     56.20 | |sigma|  0.000 | 3262.4s
[cem/score] gen 1258 cap  1500 | mean     61.06 | elite     61.06 | best     61.06 | |sigma|  0.000 | 3266.7s
[cem/score] gen 1259 cap  1500 | mean     61.78 | elite     61.78 | best     61.78 | |sigma|  0.000 | 3272.0s
[cem/score] gen 1260 cap  1500 | mean     62.16 | elite     62.16 | best     62.16 | |sigma|  0.000 | 3276.9s
[cem/score] gen 1261 cap  1500 | mean     62.94 | elite     62.94 | best     62.94 | |sigma|  0.000 | 3282.1s
[cem/score] gen 1262 cap  1500 | mean     61.25 | elite     61.25 | best     61.25 | |sigma|  0.000 | 3286.1s
[cem/score] gen 1263 cap  1500 | mean     61.56 | elite     61.56 | best     61.56 | |sigma|  0.000 | 3289.9s
[cem/score] gen 1264 cap  1500 | mean     62.84 | elite     62.84 | best     62.84 | |sigma|  0.000 | 3294.9s
[cem/score] gen 1265 cap  1500 | mean     64.57 | elite     64.57 | best     64.57 | |sigma|  0.000 | 3300.1s
[cem] time budget 3300s reached at gen 1266

[cem] evaluating distribution mean on held-out seeds ...
       lines 269.7 | score/piece 61.8 | tetris 38.9%
[cem] evaluating best single candidate on held-out seeds ...
       lines 269.7 | score/piece 61.8 | tetris 38.9%

[cem] selected: distribution_mean
[cem] wrote weights/cem_score_long.json
[cem] FINAL held-out: mean lines 269.7 | score/piece 61.8 | tetris rate 38.9%
